"STATION","NAME","DATE","DAPR","MDPR","PRCP","SNOW","SNWD","TAVG","TMAX","TMIN","TOBS"
"USC00186350","NATIONAL ARBORETUM DC, MD US","2020-01-01",,,"0.00","0.0","0.0",,"53","40","41"
"USC00186350","NATIONAL ARBORETUM DC, MD US","2020-01-02",,,"0.00","0.0","0.0",,"50","27","28"
"USC00186350","NATIONAL ARBORETUM DC, MD US","2020-01-03",,,"0.21","0.0","0.0",,"53","28","48"
"USC00186350","NATIONAL ARBORETUM DC, MD US","2020-01-04",,,"0.11","0.0","0.0",,"55","48","55"
"USC00186350","NATIONAL ARBORETUM DC, MD US","2020-01-05",,,"0.20","0.0","0.0",,"59","38","38"
"USC00186350","NATIONAL ARBORETUM DC, MD US","2020-01-06",,,"0.00","0.0","0.0",,"42","31","40"
"USC00186350","NATIONAL ARBORETUM DC, MD US","2020-01-07",,,"0.00","0.0","0.0",,"54","29","34"
"USC00186350","NATIONAL ARBORETUM DC, MD US","2020-01-08",,,"0.40","0.4","0.0",,"47","31","37"
"USC00186350","NATIONAL ARBORETUM DC, MD US","2020-01-09",,,"0.00","0.0","0.0",,"46","26","28"
"USC00186350","NATIONAL ARBORETUM DC, MD US","2020-01-10",,,"0.00","0.0","0.0",,"39","28","38"
"USC00186350","NATIONAL ARBORETUM DC, MD US","2020-01-11",,,"0.00","0.0","0.0",,"60","38","60"
"USC00186350","NATIONAL ARBORETUM DC, MD US","2020-01-12",,,"0.28","0.0","0.0",,"73","53","64"
"USC00186350","NATIONAL ARBORETUM DC, MD US","2020-01-13",,,"0.00","0.0","0.0",,"72","42","45"
"USC00186350","NATIONAL ARBORETUM DC, MD US","2020-01-14",,,"0.02","0.0","0.0",,"53","41","45"
"USC00186350","NATIONAL ARBORETUM DC, MD US","2020-01-15",,,"0.00","0.0","0.0",,"48","42","43"
"USC00186350","NATIONAL ARBORETUM DC, MD US","2020-01-16",,,,"0.0","0.0",,,,
"USC00186350","NATIONAL ARBORETUM DC, MD US","2020-01-17",,,"0.00","0.0","0.0",,"55","30","31"
"USC00186350","NATIONAL ARBORETUM DC, MD US","2020-01-18",,,"0.00","0.0","0.0",,"38","26","27"
"USC00186350","NATIONAL ARBORETUM DC, MD US","2020-01-19",,,"0.33","0.0","0.0",,"43","27","40"
"USC00186350","NATIONAL ARBORETUM DC, MD US","2020-01-20",,,"0.00","0.0","0.0",,"45","24","26"
"USC00186350","NATIONAL ARBORETUM DC, MD US","2020-01-21",,,"0.00","0.0","0.0",,"36","22","23"
"USC00186350","NATIONAL ARBORETUM DC, MD US","2020-01-22",,,"0.00","0.0","0.0",,"37","20","22"
"USC00186350","NATIONAL ARBORETUM DC, MD US","2020-01-23",,,"0.00","0.0","0.0",,"41","22","26"
"USC00186350","NATIONAL ARBORETUM DC, MD US","2020-01-24",,,"0.00","0.0","0.0",,"44","26","35"
"USC00186350","NATIONAL ARBORETUM DC, MD US","2020-01-25",,,"1.25","0.0","0.0",,"51","35","48"
"USC00186350","NATIONAL ARBORETUM DC, MD US","2020-01-26",,,"0.00","0.0","0.0",,"51","33","43"
"USC00186350","NATIONAL ARBORETUM DC, MD US","2020-01-27",,,"0.00","0.0","0.0",,"48","34","37"
"USC00186350","NATIONAL ARBORETUM DC, MD US","2020-01-28",,,"0.00","0.0","0.0",,"49","37","40"
"USC00186350","NATIONAL ARBORETUM DC, MD US","2020-01-29",,,"0.00","0.0","0.0",,"46","39","39"
"USC00186350","NATIONAL ARBORETUM DC, MD US","2020-01-30",,,"0.00","0.0","0.0",,"47","27","30"
"USC00186350","NATIONAL ARBORETUM DC, MD US","2020-01-31",,,"0.00","0.0","0.0",,"42","30","33"
"USC00186350","NATIONAL ARBORETUM DC, MD US","2020-02-01",,,"0.00","0.0","0.0",,"46","30","33"
"USC00186350","NATIONAL ARBORETUM DC, MD US","2020-02-02",,,"0.09","0.0","0.0",,"50","33","41"
"USC00186350","NATIONAL ARBORETUM DC, MD US","2020-02-03",,,"0.01","0.0","0.0",,"58","39","39"
"USC00186350","NATIONAL ARBORETUM DC, MD US","2020-02-04",,,"0.04","0.0","0.0",,"65","39","50"
"USC00186350","NATIONAL ARBORETUM DC, MD US","2020-02-05",,,"0.03","0.0","0.0",,"66","45","45"
"USC00186350","NATIONAL ARBORETUM DC, MD US","2020-02-06",,,"0.17","0.0","0.0",,"45","38","41"
"USC00186350","NATIONAL ARBORETUM DC, MD US","2020-02-07",,,"0.95","0.0","0.0",,"65","41","65"
"USC00186350","NATIONAL ARBORETUM DC, MD US","2020-02-08",,,"0.39","0.0","0.0",,"65","31","33"
"USC00186350","NATIONAL ARBORETUM DC, MD US","2020-02-09",,,"0.00","0.0","0.0",,"45","28","34"
"USC00186350","NATIONAL ARBORETUM DC, MD US","2020-02-10",,,"0.11","0.0","0.0",,"50","34","43"
"USC00186350","NATIONAL ARBORETUM DC, MD US","2020-02-11",,,"0.85","0.0","0.0",,"57","43","56"
"USC00186350","NATIONAL ARBORETUM DC, MD US","2020-02-12",,,"0.13","0.0","0.0",,"63","41","43"
"USC00186350","NATIONAL ARBORETUM DC, MD US","2020-02-13",,,"0.28","0.0","0.0",,"50","40","47"
"USC00186350","NATIONAL ARBORETUM DC, MD US","2020-02-14",,,"0.15","0.0","0.0",,"60","38","38"
"USC00186350","NATIONAL ARBORETUM DC, MD US","2020-02-15",,,"0.00","0.0","0.0",,"39","20","24"
"USC00186350","NATIONAL ARBORETUM DC, MD US","2020-02-16",,,"0.00","0.0","0.0",,"38","24","37"
"USC00186350","NATIONAL ARBORETUM DC, MD US","2020-02-17",,,"0.00","0.0","0.0",,"54","34","39"
"USC00186350","NATIONAL ARBORETUM DC, MD US","2020-02-18",,,"0.00","0.0","0.0",,"55","37","41"
"USC00186350","NATIONAL ARBORETUM DC, MD US","2020-02-19",,,"0.03","0.0","0.0",,"59","41","44"
"USC00186350","NATIONAL ARBORETUM DC, MD US","2020-02-20",,,"0.00","0.0","0.0",,"54","30","34"
"USC00186350","NATIONAL ARBORETUM DC, MD US","2020-02-21",,,"0.00","0.0","0.0",,"40","24","25"
"USC00186350","NATIONAL ARBORETUM DC, MD US","2020-02-22",,,"0.00","0.0","0.0",,"40","25","30"
"USC00186350","NATIONAL ARBORETUM DC, MD US","2020-02-23",,,"0.00","0.0","0.0",,"55","25","38"
"USC00186350","NATIONAL ARBORETUM DC, MD US","2020-02-24",,,"0.00","0.0","0.0",,"60","30","32"
"USC00186350","NATIONAL ARBORETUM DC, MD US","2020-02-25",,,"0.10","0.0","0.0",,"62","31","47"
"USC00186350","NATIONAL ARBORETUM DC, MD US","2020-02-26",,,"0.18","0.0","0.0",,"55","47","50"
"USC00186350","NATIONAL ARBORETUM DC, MD US","2020-02-27",,,"0.27","0.0","0.0",,"53","38","38"
"USC00186350","NATIONAL ARBORETUM DC, MD US","2020-02-28",,,"0.00","0.0","0.0",,"44","31","34"
"USC00186350","NATIONAL ARBORETUM DC, MD US","2020-02-29",,,"0.00","0.0","0.0",,"47","30","32"
"USC00186350","NATIONAL ARBORETUM DC, MD US","2020-03-01",,,"0.00","0.0","0.0",,"38","25","34"
"USC00186350","NATIONAL ARBORETUM DC, MD US","2020-03-02",,,"0.00","0.0","0.0",,"51","33","44"
"USC00186350","NATIONAL ARBORETUM DC, MD US","2020-03-03",,,"0.07","0.0","0.0",,"66","43","45"
"USC00186350","NATIONAL ARBORETUM DC, MD US","2020-03-04",,,"0.09","0.0","0.0",,"65","43","50"
"USC00186350","NATIONAL ARBORETUM DC, MD US","2020-03-05",,,"0.00","0.0","0.0",,"65","37","41"
"USC00186350","NATIONAL ARBORETUM DC, MD US","2020-03-06",,,"0.00","0.0","0.0",,"55","34","37"
"USC00186350","NATIONAL ARBORETUM DC, MD US","2020-03-07",,,"0.00","0.0","0.0",,"53","37","43"
"USC00186350","NATIONAL ARBORETUM DC, MD US","2020-03-08",,,"0.00","0.0","0.0",,"54","30","31"
"USC00186350","NATIONAL ARBORETUM DC, MD US","2020-03-09",,,"0.00","0.0","0.0",,"62","30","42"
"USC00186350","NATIONAL ARBORETUM DC, MD US","2020-03-10",,,"0.00","0.0","0.0",,"74","42","58"
"USC00186350","NATIONAL ARBORETUM DC, MD US","2020-03-11",,,"0.03","0.0","0.0",,"72","42","44"
"USC00186350","NATIONAL ARBORETUM DC, MD US","2020-03-12",,,"0.00","0.0","0.0",,"56","43","48"
"USC00186350","NATIONAL ARBORETUM DC, MD US","2020-03-13",,,"0.27","0.0","0.0",,"63","48","56"
"USC00186350","NATIONAL ARBORETUM DC, MD US","2020-03-14",,,"0.00","0.0","0.0",,"75","45","46"
"USC00186350","NATIONAL ARBORETUM DC, MD US","2020-03-15",,,"0.25","0.0","0.0",,"58","39","42"
"USC00186350","NATIONAL ARBORETUM DC, MD US","2020-03-16",,,"0.00","0.0","0.0",,"51","35","37"
"USC00186350","NATIONAL ARBORETUM DC, MD US","2020-03-17",,,"0.00","0.0","0.0",,"55","37","44"
"USC00186350","NATIONAL ARBORETUM DC, MD US","2020-03-18",,,"0.00","0.0","0.0",,"66","40","41"
"USC00186350","NATIONAL ARBORETUM DC, MD US","2020-03-19",,,"0.56","0.0","0.0",,"58","41","52"
"USC00186350","NATIONAL ARBORETUM DC, MD US","2020-03-20",,,"0.02","0.0","0.0",,"73","52","67"
"USC00186350","NATIONAL ARBORETUM DC, MD US","2020-03-21",,,"0.10","0.0","0.0",,"82","50","50"
"USC00186350","NATIONAL ARBORETUM DC, MD US","2020-03-22",,,"0.01","0.0","0.0",,"55","38","39"
"USC00186350","NATIONAL ARBORETUM DC, MD US","2020-03-23",,,"0.15","0.0","0.0",,"53","39","41"
"USC00186350","NATIONAL ARBORETUM DC, MD US","2020-03-24",,,"0.27","0.0","0.0",,"48","41","47"
"USC00186350","NATIONAL ARBORETUM DC, MD US","2020-03-25",,,"0.11","0.0","0.0",,"55","42","44"
"USC00186350","NATIONAL ARBORETUM DC, MD US","2020-03-26",,,"0.22","0.0","0.0",,"50","42","44"
"USC00186350","NATIONAL ARBORETUM DC, MD US","2020-03-27",,,"0.00","0.0","0.0",,"60","43","49"
"USC00186350","NATIONAL ARBORETUM DC, MD US","2020-03-28",,,"0.30","0.0","0.0",,"70","49","55"
"USC00186350","NATIONAL ARBORETUM DC, MD US","2020-03-29",,,"0.12","0.0","0.0",,"59","50","51"
"USC00186350","NATIONAL ARBORETUM DC, MD US","2020-03-30",,,"0.00","0.0","0.0",,"71","51","52"
"USC00186350","NATIONAL ARBORETUM DC, MD US","2020-03-31",,,"0.00","0.0","0.0",,"75","49","50"
"USC00186350","NATIONAL ARBORETUM DC, MD US","2020-04-01",,,"0.13","0.0","0.0",,"56","41","42"
"USC00186350","NATIONAL ARBORETUM DC, MD US","2020-04-02",,,"0.00","0.0","0.0",,"56","42","46"
"USC00186350","NATIONAL ARBORETUM DC, MD US","2020-04-03",,,"0.00","0.0","0.0",,"63","42","50"
"USC00186350","NATIONAL ARBORETUM DC, MD US","2020-04-04",,,"0.01","0.0","0.0",,"69","48","49"
"USC00186350","NATIONAL ARBORETUM DC, MD US","2020-04-05",,,"0.00","0.0","0.0",,"59","46","50"
"USC00186350","NATIONAL ARBORETUM DC, MD US","2020-04-06",,,"0.00","0.0","0.0",,"70","50","58"
"USC00186350","NATIONAL ARBORETUM DC, MD US","2020-04-07",,,"0.01","0.0","0.0",,"72","49","57"
"USC00186350","NATIONAL ARBORETUM DC, MD US","2020-04-08",,,"0.26","0.0","0.0",,"73","56","58"
"USC00186350","NATIONAL ARBORETUM DC, MD US","2020-04-09",,,"0.15","0.0","0.0",,"79","53","55"
"USC00186350","NATIONAL ARBORETUM DC, MD US","2020-04-10",,,"0.02","0.0","0.0",,"71","43","44"
"USC00186350","NATIONAL ARBORETUM DC, MD US","2020-04-11",,,"0.00","0.0","0.0",,"52","35","44"
"USC00186350","NATIONAL ARBORETUM DC, MD US","2020-04-12",,,"0.00","0.0","0.0",,"63","41","48"
"USC00186350","NATIONAL ARBORETUM DC, MD US","2020-04-13",,,"2.30","0.0","0.0",,"73","48","65"
"USC00186350","NATIONAL ARBORETUM DC, MD US","2020-04-14",,,"0.74","0.0","0.0",,"81","47","48"
"USC00186350","NATIONAL ARBORETUM DC, MD US","2020-04-15",,,"0.34","0.0","0.0",,"59","38","40"
"USC00186350","NATIONAL ARBORETUM DC, MD US","2020-04-16",,,"0.00","0.0","0.0",,"55","40","43"
"USC00186350","NATIONAL ARBORETUM DC, MD US","2020-04-17",,,"0.00","0.0","0.0",,"54","35","37"
"USC00186350","NATIONAL ARBORETUM DC, MD US","2020-04-18",,,"0.07","0.0","0.0",,"59","37","48"
"USC00186350","NATIONAL ARBORETUM DC, MD US","2020-04-19",,,"0.04","0.0","0.0",,"55","35","45"
"USC00186350","NATIONAL ARBORETUM DC, MD US","2020-04-20",,,"0.00","0.0","0.0",,"66","44","55"
"USC00186350","NATIONAL ARBORETUM DC, MD US","2020-04-21",,,"0.00","0.0","0.0",,"63","48","50"
"USC00186350","NATIONAL ARBORETUM DC, MD US","2020-04-22",,,"0.00","0.0","0.0",,"66","36","43"
"USC00186350","NATIONAL ARBORETUM DC, MD US","2020-04-23",,,"0.00","0.0","0.0",,"62","43","54"
"USC00186350","NATIONAL ARBORETUM DC, MD US","2020-04-24",,,"1.29","0.0","0.0",,"59","52","52"
"USC00186350","NATIONAL ARBORETUM DC, MD US","2020-04-25",,,"0.04","0.0","0.0",,"60","45","51"
"USC00186350","NATIONAL ARBORETUM DC, MD US","2020-04-26",,,"0.31","0.0","0.0",,"66","45","51"
"USC00186350","NATIONAL ARBORETUM DC, MD US","2020-04-27",,,"0.14","0.0","0.0",,"58","44","45"
"USC00186350","NATIONAL ARBORETUM DC, MD US","2020-04-28",,,"0.00","0.0","0.0",,"59","40","48"
"USC00186350","NATIONAL ARBORETUM DC, MD US","2020-04-29",,,"0.01","0.0","0.0",,"59","45","59"
"USC00186350","NATIONAL ARBORETUM DC, MD US","2020-04-30",,,"0.00","0.0","0.0",,"78","59","66"
"USC00186350","NATIONAL ARBORETUM DC, MD US","2020-05-01",,,"1.15","0.0","0.0",,"66","53","54"
"USC00186350","NATIONAL ARBORETUM DC, MD US","2020-05-02",,,"0.08","0.0","0.0",,"66","51","53"
"USC00186350","NATIONAL ARBORETUM DC, MD US","2020-05-03",,,"0.00","0.0","0.0",,"73","53","62"
"USC00186350","NATIONAL ARBORETUM DC, MD US","2020-05-04",,,"1.30","0.0","0.0",,"78","61","64"
"USC00186350","NATIONAL ARBORETUM DC, MD US","2020-05-05",,,"0.00","0.0","0.0",,"75","49","50"
"USC00186350","NATIONAL ARBORETUM DC, MD US","2020-05-06",,,"0.29","0.0","0.0",,"59","49","51"
"USC00186350","NATIONAL ARBORETUM DC, MD US","2020-05-07",,,"0.50","0.0","0.0",,"57","43","45"
"USC00186350","NATIONAL ARBORETUM DC, MD US","2020-05-08",,,"0.00","0.0","0.0",,"68","43","52"
"USC00186350","NATIONAL ARBORETUM DC, MD US","2020-05-09",,,"0.15","0.0","0.0",,"67","37","39"
"USC00186350","NATIONAL ARBORETUM DC, MD US","2020-05-10",,,"0.01","0.0","0.0",,"50","33","45"
"USC00186350","NATIONAL ARBORETUM DC, MD US","2020-05-11",,,"0.02","0.0","0.0",,"66","45","51"
"USC00186350","NATIONAL ARBORETUM DC, MD US","2020-05-12",,,"0.00","0.0","0.0",,"62","43","46"
"USC00186350","NATIONAL ARBORETUM DC, MD US","2020-05-13",,,"0.00","0.0","0.0",,"64","39","49"
"USC00186350","NATIONAL ARBORETUM DC, MD US","2020-05-14",,,"0.00","0.0","0.0",,"72","45","56"
"USC00186350","NATIONAL ARBORETUM DC, MD US","2020-05-15",,,"0.04","0.0","0.0",,"72","56","68"
"USC00186350","NATIONAL ARBORETUM DC, MD US","2020-05-16",,,"0.00","0.0","0.0",,"87","67","75"
"USC00186350","NATIONAL ARBORETUM DC, MD US","2020-05-17",,,"0.00","0.0","0.0",,"85","59","61"
"USC00186350","NATIONAL ARBORETUM DC, MD US","2020-05-18",,,"0.00","0.0","0.0",,"68","55","56"
"USC00186350","NATIONAL ARBORETUM DC, MD US","2020-05-19",,,"0.00","0.0","0.0",,"69","56","59"
"USC00186350","NATIONAL ARBORETUM DC, MD US","2020-05-20",,,"0.00","0.0","0.0",,"70","52","54"
"USC00186350","NATIONAL ARBORETUM DC, MD US","2020-05-21",,,"0.00","0.0","0.0",,"64","49","50"
"USC00186350","NATIONAL ARBORETUM DC, MD US","2020-05-22",,,"0.33","0.0","0.0",,"74","50","62"
"USC00186350","NATIONAL ARBORETUM DC, MD US","2020-05-23",,,"0.71","0.0","0.0",,"77","62","66"
"USC00186350","NATIONAL ARBORETUM DC, MD US","2020-05-24",,,"0.02","0.0","0.0",,"84","59","59"
"USC00186350","NATIONAL ARBORETUM DC, MD US","2020-05-25",,,"0.00","0.0","0.0",,"69","59","61"
"USC00186350","NATIONAL ARBORETUM DC, MD US","2020-05-26",,,"0.00","0.0","0.0",,"78","57","66"
"USC00186350","NATIONAL ARBORETUM DC, MD US","2020-05-27",,,"0.00","0.0","0.0",,"81","63","65"
"USC00186350","NATIONAL ARBORETUM DC, MD US","2020-05-28",,,"0.02","0.0","0.0",,"82","65","73"
"USC00186350","NATIONAL ARBORETUM DC, MD US","2020-05-29",,,"0.09","0.0","0.0",,"82","72","75"
"USC00186350","NATIONAL ARBORETUM DC, MD US","2020-05-30",,,"0.00","0.0","0.0",,"87","68","72"
"USC00186350","NATIONAL ARBORETUM DC, MD US","2020-05-31",,,"0.00","0.0","0.0",,"85","58","63"
"USC00186350","NATIONAL ARBORETUM DC, MD US","2020-06-01",,,"0.00","0.0","0.0",,"85","51","59"
"USC00186350","NATIONAL ARBORETUM DC, MD US","2020-06-02",,,"0.00","0.0","0.0",,"74","56","62"
"USC00186350","NATIONAL ARBORETUM DC, MD US","2020-06-03",,,"0.00","0.0","0.0",,"78","61","75"
"USC00186350","NATIONAL ARBORETUM DC, MD US","2020-06-04",,,"0.00","0.0","0.0",,"93","70","80"
"USC00186350","NATIONAL ARBORETUM DC, MD US","2020-06-05",,,"1.19","0.0","0.0",,"93","70","76"
"USC00186350","NATIONAL ARBORETUM DC, MD US","2020-06-06",,,"1.63","0.0","0.0",,"90","72","81"
"USC00186350","NATIONAL ARBORETUM DC, MD US","2020-06-07",,,"0.07","0.0","0.0",,"90","63","72"
"USC00186350","NATIONAL ARBORETUM DC, MD US","2020-06-08",,,"0.00","0.0","0.0",,"83","61","69"
"USC00186350","NATIONAL ARBORETUM DC, MD US","2020-06-09",,,"0.00","0.0","0.0",,"83","61","77"
"USC00186350","NATIONAL ARBORETUM DC, MD US","2020-06-10",,,"0.00","0.0","0.0",,"92","74","78"
"USC00186350","NATIONAL ARBORETUM DC, MD US","2020-06-11",,,"0.24","0.0","0.0",,"92","76","79"
"USC00186350","NATIONAL ARBORETUM DC, MD US","2020-06-12",,,"0.42","0.0","0.0",,"86","68","76"
"USC00186350","NATIONAL ARBORETUM DC, MD US","2020-06-13",,,,"0.0","0.0",,,,
"USC00186350","NATIONAL ARBORETUM DC, MD US","2020-06-14",,,,"0.0","0.0",,,,
"USC00186350","NATIONAL ARBORETUM DC, MD US","2020-06-15",,,"0.00","0.0","0.0",,"79","60","62"
"USC00186350","NATIONAL ARBORETUM DC, MD US","2020-06-16",,,"0.00","0.0","0.0",,"79","59","64"
"USC00186350","NATIONAL ARBORETUM DC, MD US","2020-06-17",,,"0.00","0.0","0.0",,"79","64","65"
"USC00186350","NATIONAL ARBORETUM DC, MD US","2020-06-18",,,"0.54","0.0","0.0",,"72","65","70"
"USC00186350","NATIONAL ARBORETUM DC, MD US","2020-06-19",,,,"0.0","0.0",,,,
"USC00186350","NATIONAL ARBORETUM DC, MD US","2020-06-20",,,"0.07","0.0","0.0",,"84","66","75"
"USC00186350","NATIONAL ARBORETUM DC, MD US","2020-06-21",,,"0.34","0.0","0.0",,"79","68","72"
"USC00186350","NATIONAL ARBORETUM DC, MD US","2020-06-22",,,"0.00","0.0","0.0",,"85","69","77"
"USC00186350","NATIONAL ARBORETUM DC, MD US","2020-06-23",,,"0.00","0.0","0.0",,"92","68","73"
"USC00186350","NATIONAL ARBORETUM DC, MD US","2020-06-24",,,"0.00","0.0","0.0",,"90","73","73"
"USC00186350","NATIONAL ARBORETUM DC, MD US","2020-06-25",,,"0.00","0.0","0.0",,"86","67","78"
"USC00186350","NATIONAL ARBORETUM DC, MD US","2020-06-26",,,"0.30","0.0","0.0",,"86","63","75"
"USC00186350","NATIONAL ARBORETUM DC, MD US","2020-06-27",,,"0.01","0.0","0.0",,"88","73","79"
"USC00186350","NATIONAL ARBORETUM DC, MD US","2020-06-28",,,"0.40","0.0","0.0",,"93","71","78"
"USC00186350","NATIONAL ARBORETUM DC, MD US","2020-06-29",,,"0.00","0.0","0.0",,"88","74","78"
"USC00186350","NATIONAL ARBORETUM DC, MD US","2020-06-30",,,"0.00","0.0","0.0",,"92","70","75"
"USC00186350","NATIONAL ARBORETUM DC, MD US","2020-07-01",,,"0.00","0.0","0.0",,"92","71","74"
"USC00186350","NATIONAL ARBORETUM DC, MD US","2020-07-02",,,"0.00","0.0","0.0",,"90","67","77"
"USC00186350","NATIONAL ARBORETUM DC, MD US","2020-07-03",,,"0.00","0.0","0.0",,"92","72","82"
"USC00186350","NATIONAL ARBORETUM DC, MD US","2020-07-04",,,"0.00","0.0","0.0",,"97","72","82"
"USC00186350","NATIONAL ARBORETUM DC, MD US","2020-07-05",,,"0.00","0.0","0.0",,"93","75","78"
"USC00186350","NATIONAL ARBORETUM DC, MD US","2020-07-06",,,"0.00","0.0","0.0",,"95","76","79"
"USC00186350","NATIONAL ARBORETUM DC, MD US","2020-07-07",,,"2.44","0.0","0.0",,"95","70","78"
"USC00186350","NATIONAL ARBORETUM DC, MD US","2020-07-08",,,"0.05","0.0","0.0",,"91","73","77"
"USC00186350","NATIONAL ARBORETUM DC, MD US","2020-07-09",,,"0.00","0.0","0.0",,"93","72","79"
"USC00186350","NATIONAL ARBORETUM DC, MD US","2020-07-10",,,"0.00","0.0","0.0",,"92","75","78"
"USC00186350","NATIONAL ARBORETUM DC, MD US","2020-07-11",,,"0.00","0.0","0.0",,"90","75","78"
"USC00186350","NATIONAL ARBORETUM DC, MD US","2020-07-12",,,"0.00","0.0","0.0",,"92","68","76"
"USC00186350","NATIONAL ARBORETUM DC, MD US","2020-07-13",,,"0.00","0.0","0.0",,"92","69","73"
"USC00186350","NATIONAL ARBORETUM DC, MD US","2020-07-14",,,"0.05","0.0","0.0",,"91","68","74"
"USC00186350","NATIONAL ARBORETUM DC, MD US","2020-07-15",,,"0.00","0.0","0.0",,"92","69","75"
"USC00186350","NATIONAL ARBORETUM DC, MD US","2020-07-16",,,"0.00","0.0","0.0",,"92","74","76"
"USC00186350","NATIONAL ARBORETUM DC, MD US","2020-07-17",,,"0.00","0.0","0.0",,"88","74","79"
"USC00186350","NATIONAL ARBORETUM DC, MD US","2020-07-18",,,"0.00","0.0","0.0",,"98","75","77"
"USC00186350","NATIONAL ARBORETUM DC, MD US","2020-07-19",,,"0.00","0.0","0.0",,"98","75","83"
"USC00186350","NATIONAL ARBORETUM DC, MD US","2020-07-20",,,"0.00","0.0","0.0",,"100","81","86"
"USC00186350","NATIONAL ARBORETUM DC, MD US","2020-07-21",,,"0.00","0.0","0.0",,"100","77","82"
"USC00186350","NATIONAL ARBORETUM DC, MD US","2020-07-22",,,"0.17","0.0","0.0",,"98","74","77"
"USC00186350","NATIONAL ARBORETUM DC, MD US","2020-07-23",,,"0.52","0.0","0.0",,"97","73","80"
"USC00186350","NATIONAL ARBORETUM DC, MD US","2020-07-24",,,"1.70","0.0","0.0",,"94","74","79"
"USC00186350","NATIONAL ARBORETUM DC, MD US","2020-07-25",,,"0.05","0.0","0.0",,"86","71","78"
"USC00186350","NATIONAL ARBORETUM DC, MD US","2020-07-26",,,"0.02","0.0","0.0",,"92","77","83"
"USC00186350","NATIONAL ARBORETUM DC, MD US","2020-07-27",,,"0.00","0.0","0.0",,"95","75","79"
"USC00186350","NATIONAL ARBORETUM DC, MD US","2020-07-28",,,"0.00","0.0","0.0",,"96","77","84"
"USC00186350","NATIONAL ARBORETUM DC, MD US","2020-07-29",,,"0.00","0.0","0.0",,"93","73","78"
"USC00186350","NATIONAL ARBORETUM DC, MD US","2020-07-30",,,"0.00","0.0","0.0",,"93","76","83"
"USC00186350","NATIONAL ARBORETUM DC, MD US","2020-07-31",,,"0.22","0.0","0.0",,"95","73","74"
"USC00186350","NATIONAL ARBORETUM DC, MD US","2020-08-01",,,"0.10","0.0","0.0",,"80","72","77"
"USC00186350","NATIONAL ARBORETUM DC, MD US","2020-08-02",,,,"0.0","0.0",,,,
"USC00186350","NATIONAL ARBORETUM DC, MD US","2020-08-03","    2","0.12",,"0.0","0.0",,"93","76","78"
"USC00186350","NATIONAL ARBORETUM DC, MD US","2020-08-04",,,"2.83","0.0","0.0",,"89","71","73"
"USC00186350","NATIONAL ARBORETUM DC, MD US","2020-08-05",,,"1.11","0.0","0.0",,"87","69","73"
"USC00186350","NATIONAL ARBORETUM DC, MD US","2020-08-06",,,"0.20","0.0","0.0",,"90","71","73"
"USC00186350","NATIONAL ARBORETUM DC, MD US","2020-08-07",,,"0.00","0.0","0.0",,"86","71","76"
"USC00186350","NATIONAL ARBORETUM DC, MD US","2020-08-08",,,"0.04","0.0","0.0",,"89","72","74"
"USC00186350","NATIONAL ARBORETUM DC, MD US","2020-08-09",,,"0.00","0.0","0.0",,"87","72","77"
"USC00186350","NATIONAL ARBORETUM DC, MD US","2020-08-10",,,"0.43","0.0","0.0",,"90","75","80"
"USC00186350","NATIONAL ARBORETUM DC, MD US","2020-08-11",,,"0.10","0.0","0.0",,"93","75","79"
"USC00186350","NATIONAL ARBORETUM DC, MD US","2020-08-12",,,"0.25","0.0","0.0",,"92","75","76"
"USC00186350","NATIONAL ARBORETUM DC, MD US","2020-08-13",,,"0.31","0.0","0.0",,"93","75","75"
"USC00186350","NATIONAL ARBORETUM DC, MD US","2020-08-14",,,,"0.0","0.0",,,,
"USC00186350","NATIONAL ARBORETUM DC, MD US","2020-08-15","    2","0.02",,"0.0","0.0",,"90","73","74"
"USC00186350","NATIONAL ARBORETUM DC, MD US","2020-08-16",,,,"0.0","0.0",,,,
"USC00186350","NATIONAL ARBORETUM DC, MD US","2020-08-17","    2","0.02",,"0.0","0.0",,"80","63","65"
"USC00186350","NATIONAL ARBORETUM DC, MD US","2020-08-18",,,"0.94","0.0","0.0",,"85","65","68"
"USC00186350","NATIONAL ARBORETUM DC, MD US","2020-08-19",,,"0.37","0.0","0.0",,"86","68","68"
"USC00186350","NATIONAL ARBORETUM DC, MD US","2020-08-20",,,"0.03","0.0","0.0",,"85","64","71"
"USC00186350","NATIONAL ARBORETUM DC, MD US","2020-08-21",,,"0.00","0.0","0.0",,"84","66","73"
"USC00186350","NATIONAL ARBORETUM DC, MD US","2020-08-22",,,"0.02","0.0","0.0",,"85","73","75"
"USC00186350","NATIONAL ARBORETUM DC, MD US","2020-08-23",,,"0.00","0.0","0.0",,"86","74","76"
"USC00186350","NATIONAL ARBORETUM DC, MD US","2020-08-24",,,"0.00","0.0","0.0",,"90","75","78"
"USC00186350","NATIONAL ARBORETUM DC, MD US","2020-08-25",,,"0.58","0.0","0.0",,"91","73","76"
"USC00186350","NATIONAL ARBORETUM DC, MD US","2020-08-26",,,"0.04","0.0","0.0",,"92","71","74"
"USC00186350","NATIONAL ARBORETUM DC, MD US","2020-08-27",,,"0.00","0.0","0.0",,"87","74","79"
"USC00186350","NATIONAL ARBORETUM DC, MD US","2020-08-28",,,"0.00","0.0","0.0",,"93","74","81"
"USC00186350","NATIONAL ARBORETUM DC, MD US","2020-08-29",,,"1.20","0.0","0.0",,"93","72","76"
"USC00186350","NATIONAL ARBORETUM DC, MD US","2020-08-30",,,"0.40","0.0","0.0",,"87","64","72"
"USC00186350","NATIONAL ARBORETUM DC, MD US","2020-08-31",,,"0.00","0.0","0.0",,"83","66","70"
"USC00186350","NATIONAL ARBORETUM DC, MD US","2020-09-01",,,"0.56","0.0","0.0",,"77","67","72"
"USC00186350","NATIONAL ARBORETUM DC, MD US","2020-09-02",,,"0.02","0.0","0.0",,"82","72","75"
"USC00186350","NATIONAL ARBORETUM DC, MD US","2020-09-03",,,"0.03","0.0","0.0",,"88","72","77"
"USC00186350","NATIONAL ARBORETUM DC, MD US","2020-09-04",,,"1.58","0.0","0.0",,"92","72","76"
"USC00186350","NATIONAL ARBORETUM DC, MD US","2020-09-05",,,"0.01","0.0","0.0",,"89","60","70"
"USC00186350","NATIONAL ARBORETUM DC, MD US","2020-09-06",,,"0.00","0.0","0.0",,"82","60","62"
"USC00186350","NATIONAL ARBORETUM DC, MD US","2020-09-07",,,"0.00","0.0","0.0",,"85","61","65"
"USC00186350","NATIONAL ARBORETUM DC, MD US","2020-09-08",,,"0.00","0.0","0.0",,,,
"USC00186350","NATIONAL ARBORETUM DC, MD US","2020-09-09",,,"0.00","0.0","0.0",,,,"72"
"USC00186350","NATIONAL ARBORETUM DC, MD US","2020-09-10",,,"0.36","0.0","0.0",,"79","72","77"
"USC00186350","NATIONAL ARBORETUM DC, MD US","2020-09-11",,,"2.88","0.0","0.0",,"83","77","82"
"USC00186350","NATIONAL ARBORETUM DC, MD US","2020-09-12",,,"0.12","0.0","0.0",,"84","68","68"
"USC00186350","NATIONAL ARBORETUM DC, MD US","2020-09-13",,,"0.00","0.0","0.0",,"76","59","67"
"USC00186350","NATIONAL ARBORETUM DC, MD US","2020-09-14",,,"0.00","0.0","0.0",,"82","67","72"
"USC00186350","NATIONAL ARBORETUM DC, MD US","2020-09-15",,,"0.00","0.0","0.0",,"79","52","54"
"USC00186350","NATIONAL ARBORETUM DC, MD US","2020-09-16",,,"0.00","0.0","0.0",,"70","51","53"
"USC00186350","NATIONAL ARBORETUM DC, MD US","2020-09-17",,,"0.00","0.0","0.0",,"74","53","65"
"USC00186350","NATIONAL ARBORETUM DC, MD US","2020-09-18",,,"0.39","0.0","0.0",,"74","65","65"
"USC00186350","NATIONAL ARBORETUM DC, MD US","2020-09-19",,,"0.00","0.0","0.0",,"76","48","52"
"USC00186350","NATIONAL ARBORETUM DC, MD US","2020-09-20",,,"0.00","0.0","0.0",,"66","43","52"
"USC00186350","NATIONAL ARBORETUM DC, MD US","2020-09-21",,,"0.00","0.0","0.0",,"69","43","45"
"USC00186350","NATIONAL ARBORETUM DC, MD US","2020-09-22",,,"0.00","0.0","0.0",,"68","42","51"
"USC00186350","NATIONAL ARBORETUM DC, MD US","2020-09-23",,,"0.00","0.0","0.0",,"72","49","55"
"USC00186350","NATIONAL ARBORETUM DC, MD US","2020-09-24",,,"0.00","0.0","0.0",,"81","55","61"
"USC00186350","NATIONAL ARBORETUM DC, MD US","2020-09-25",,,"0.00","0.0","0.0",,"73","59","62"
"USC00186350","NATIONAL ARBORETUM DC, MD US","2020-09-26",,,"0.86","0.0","0.0",,"69","62","64"
"USC00186350","NATIONAL ARBORETUM DC, MD US","2020-09-27",,,"0.12","0.0","0.0",,"72","64","70"
"USC00186350","NATIONAL ARBORETUM DC, MD US","2020-09-28",,,"0.02","0.0","0.0",,"78","67","67"
"USC00186350","NATIONAL ARBORETUM DC, MD US","2020-09-29",,,"0.01","0.0","0.0",,"81","67","72"
"USC00186350","NATIONAL ARBORETUM DC, MD US","2020-09-30",,,"0.37","0.0","0.0",,"81","55","57"
"USC00182325","DALECARLIA RESERVOIR, MD US","2020-01-01",,,"0.00","0.0","0.0",,"53","36","37"
"USC00182325","DALECARLIA RESERVOIR, MD US","2020-01-02",,,"0.00","0.0","0.0",,"52","26","29"
"USC00182325","DALECARLIA RESERVOIR, MD US","2020-01-03",,,"0.24","0.0","0.0",,"53","29","47"
"USC00182325","DALECARLIA RESERVOIR, MD US","2020-01-04",,,"0.10","0.0","0.0",,"53","46","51"
"USC00182325","DALECARLIA RESERVOIR, MD US","2020-01-05",,,"0.30","0.0","0.0",,"57","35","37"
"USC00182325","DALECARLIA RESERVOIR, MD US","2020-01-06",,,"0.05","0.0","0.0",,"42","30","38"
"USC00182325","DALECARLIA RESERVOIR, MD US","2020-01-07",,,"0.00","0.0","0.0",,"53","28","29"
"USC00182325","DALECARLIA RESERVOIR, MD US","2020-01-08",,,"0.35","1.0","1.0",,"45","29","35"
"USC00182325","DALECARLIA RESERVOIR, MD US","2020-01-09",,,"0.00","0.0","0.0",,"44","26","27"
"USC00182325","DALECARLIA RESERVOIR, MD US","2020-01-10",,,"0.00","0.0","0.0",,"39","27","39"
"USC00182325","DALECARLIA RESERVOIR, MD US","2020-01-11",,,"0.00","0.0","0.0",,"59","27","59"
"USC00182325","DALECARLIA RESERVOIR, MD US","2020-01-12",,,"0.34","0.0","0.0",,"64","45","64"
"USC00182325","DALECARLIA RESERVOIR, MD US","2020-01-13",,,"0.00","0.0","0.0",,"67","41","42"
"USC00182325","DALECARLIA RESERVOIR, MD US","2020-01-14",,,"0.10","0.0","0.0",,"50","39","45"
"USC00182325","DALECARLIA RESERVOIR, MD US","2020-01-15",,,"0.10","0.0","0.0",,"48","41","42"
"USC00182325","DALECARLIA RESERVOIR, MD US","2020-01-16",,,"0.00","0.0","0.0",,"59","41","53"
"USC00182325","DALECARLIA RESERVOIR, MD US","2020-01-17",,,"0.00","0.0","0.0",,"59","29","29"
"USC00182325","DALECARLIA RESERVOIR, MD US","2020-01-18",,,"0.05","0.5","0.0",,"36","26","27"
"USC00182325","DALECARLIA RESERVOIR, MD US","2020-01-19",,,"0.40","0.0","0.0",,"42","26","38"
"USC00182325","DALECARLIA RESERVOIR, MD US","2020-01-20",,,"0.00","0.0","0.0",,"43","22","23"
"USC00182325","DALECARLIA RESERVOIR, MD US","2020-01-21",,,"0.00","0.0","0.0",,"33","21","21"
"USC00182325","DALECARLIA RESERVOIR, MD US","2020-01-22",,,"0.00","0.0","0.0",,"35","20","23"
"USC00182325","DALECARLIA RESERVOIR, MD US","2020-01-23",,,"0.00","0.0","0.0",,"42","22","25"
"USC00182325","DALECARLIA RESERVOIR, MD US","2020-01-24",,,"0.00","0.0","0.0",,"48","25","31"
"USC00182325","DALECARLIA RESERVOIR, MD US","2020-01-25",,,"1.92","0.0","0.0",,"50","31","46"
"USC00182325","DALECARLIA RESERVOIR, MD US","2020-01-26",,,"0.05","0.0","0.0",,"49","31","31"
"USC00182325","DALECARLIA RESERVOIR, MD US","2020-01-27",,,"0.00","0.0","0.0",,"47","31","38"
"USC00182325","DALECARLIA RESERVOIR, MD US","2020-01-28",,,"0.00","0.0","0.0",,"48","38","38"
"USC00182325","DALECARLIA RESERVOIR, MD US","2020-01-29",,,"0.00","0.0","0.0",,"45","38","38"
"USC00182325","DALECARLIA RESERVOIR, MD US","2020-01-30",,,"0.00","0.0","0.0",,"45","24","26"
"USC00182325","DALECARLIA RESERVOIR, MD US","2020-01-31",,,"0.00","0.0","0.0",,"36","26","36"
"USC00182325","DALECARLIA RESERVOIR, MD US","2020-02-01",,,"0.00","0.0","0.0",,"44","28","30"
"USC00182325","DALECARLIA RESERVOIR, MD US","2020-02-02",,,"0.10","0.0","0.0",,"48","30","40"
"USC00182325","DALECARLIA RESERVOIR, MD US","2020-02-03",,,"0.02","0.0","0.0",,"60","38","40"
"USC00182325","DALECARLIA RESERVOIR, MD US","2020-02-04",,,"0.05","0.0","0.0",,"65","39","48"
"USC00182325","DALECARLIA RESERVOIR, MD US","2020-02-05",,,"0.06","0.0","0.0",,"66","42","42"
"USC00182325","DALECARLIA RESERVOIR, MD US","2020-02-06",,,"0.15","0.0","0.0",,"42","37","39"
"USC00182325","DALECARLIA RESERVOIR, MD US","2020-02-07",,,"1.27","0.0","0.0",,"59","39","59"
"USC00182325","DALECARLIA RESERVOIR, MD US","2020-02-08",,,"0.25","0.0","0.0",,"59","30","31"
"USC00182325","DALECARLIA RESERVOIR, MD US","2020-02-09",,,"0.00","0.0","0.0",,"45","28","29"
"USC00182325","DALECARLIA RESERVOIR, MD US","2020-02-10",,,"0.10","0.0","0.0",,"50","29","42"
"USC00182325","DALECARLIA RESERVOIR, MD US","2020-02-11",,,"0.87","0.0","0.0",,"50","28","49"
"USC00182325","DALECARLIA RESERVOIR, MD US","2020-02-12",,,"1.20","0.0","0.0",,"56","40","40"
"USC00182325","DALECARLIA RESERVOIR, MD US","2020-02-13",,,"0.27","0.0","0.0",,"49","39","47"
"USC00182325","DALECARLIA RESERVOIR, MD US","2020-02-14",,,"0.10","0.0","0.0",,"55","36","36"
"USC00182325","DALECARLIA RESERVOIR, MD US","2020-02-15",,,"0.00","0.0","0.0",,"36","20","21"
"USC00182325","DALECARLIA RESERVOIR, MD US","2020-02-16",,,"0.00","0.0","0.0",,"38","21","32"
"USC00182325","DALECARLIA RESERVOIR, MD US","2020-02-17",,,"0.10","0.0","0.0",,"52","31",
"USC00182325","DALECARLIA RESERVOIR, MD US","2020-02-18",,,"0.00","0.0","0.0",,"55","31","43"
"USC00182325","DALECARLIA RESERVOIR, MD US","2020-02-19",,,"0.10","0.0","0.0",,"59","42","42"
"USC00182325","DALECARLIA RESERVOIR, MD US","2020-02-20",,,"0.00","0.0","0.0",,"52","29","33"
"USC00182325","DALECARLIA RESERVOIR, MD US","2020-02-21",,,"0.00","0.0","0.0",,"39","23","24"
"USC00182325","DALECARLIA RESERVOIR, MD US","2020-02-22",,,"0.00","0.0","0.0",,"39","23","38"
"USC00182325","DALECARLIA RESERVOIR, MD US","2020-02-23",,,"0.00","0.0","0.0",,"55","23","36"
"USC00182325","DALECARLIA RESERVOIR, MD US","2020-02-24",,,"0.00","0.0","0.0",,"58","23","31"
"USC00182325","DALECARLIA RESERVOIR, MD US","2020-02-25",,,"0.10","0.0","0.0",,"61","31","47"
"USC00182325","DALECARLIA RESERVOIR, MD US","2020-02-26",,,"0.32","0.0","0.0",,"52","46","49"
"USC00182325","DALECARLIA RESERVOIR, MD US","2020-02-27",,,"0.65","0.0","0.0",,"52","35","36"
"USC00182325","DALECARLIA RESERVOIR, MD US","2020-02-28",,,"0.01","0.0","0.0",,"42","30","33"
"USC00182325","DALECARLIA RESERVOIR, MD US","2020-02-29",,,"0.00","0.0","0.0",,"46","28","30"
"USC00182325","DALECARLIA RESERVOIR, MD US","2020-03-01",,,"0.00","0.0","0.0",,"48","22","30"
"USC00182325","DALECARLIA RESERVOIR, MD US","2020-03-02",,,"0.00","0.0","0.0",,"51","30","44"
"USC00182325","DALECARLIA RESERVOIR, MD US","2020-03-03",,,"0.14","0.0","0.0",,"66","41","42"
"USC00182325","DALECARLIA RESERVOIR, MD US","2020-03-04",,,"0.06","0.0","0.0",,"64","42","51"
"USC00182325","DALECARLIA RESERVOIR, MD US","2020-03-05",,,"0.00","0.0","0.0",,"65","37","41"
"USC00182325","DALECARLIA RESERVOIR, MD US","2020-03-06",,,"0.00","0.0","0.0",,"55","33","37"
"USC00182325","DALECARLIA RESERVOIR, MD US","2020-03-07",,,"0.00","0.0","0.0",,"50","37","43"
"USC00182325","DALECARLIA RESERVOIR, MD US","2020-03-08",,,"0.00","0.0","0.0",,"50","29","38"
"USC00182325","DALECARLIA RESERVOIR, MD US","2020-03-09",,,"0.00","0.0","0.0",,"61","29","43"
"USC00182325","DALECARLIA RESERVOIR, MD US","2020-03-10",,,"0.00","0.0","0.0",,"74","43","58"
"USC00182325","DALECARLIA RESERVOIR, MD US","2020-03-11",,,"0.00","0.0","0.0",,"73","42","43"
"USC00182325","DALECARLIA RESERVOIR, MD US","2020-03-12",,,"0.10","0.0","0.0",,"54","42","47"
"USC00182325","DALECARLIA RESERVOIR, MD US","2020-03-13",,,"0.20","0.0","0.0",,"60","47","54"
"USC00182325","DALECARLIA RESERVOIR, MD US","2020-03-14",,,"0.00","0.0","0.0",,"58","41","42"
"USC00182325","DALECARLIA RESERVOIR, MD US","2020-03-15",,,"0.25","0.0","0.0",,"58","39","42"
"USC00182325","DALECARLIA RESERVOIR, MD US","2020-03-16",,,"0.00","0.0","0.0",,"49","33","35"
"USC00182325","DALECARLIA RESERVOIR, MD US","2020-03-17",,,"0.02","0.0","0.0",,"54","33","44"
"USC00182325","DALECARLIA RESERVOIR, MD US","2020-03-18",,,"0.00","0.0","0.0",,"65","33","42"
"USC00182325","DALECARLIA RESERVOIR, MD US","2020-03-19",,,"0.52","0.0","0.0",,"50","42","50"
"USC00182325","DALECARLIA RESERVOIR, MD US","2020-03-20",,,"0.05","0.0","0.0",,"72","50","64"
"USC00182325","DALECARLIA RESERVOIR, MD US","2020-03-21",,,"0.05","0.0","0.0",,"81","48","49"
"USC00182325","DALECARLIA RESERVOIR, MD US","2020-03-22",,,"0.00","0.0","0.0",,"69","35","69"
"USC00182325","DALECARLIA RESERVOIR, MD US","2020-03-23",,,"0.30","0.0","0.0",,"69","39","40"
"USC00182325","DALECARLIA RESERVOIR, MD US","2020-03-24",,,"0.00","0.0","0.0",,"45","39","44"
"USC00182325","DALECARLIA RESERVOIR, MD US","2020-03-25",,,"0.10","0.0","0.0",,"54","43","44"
"USC00182325","DALECARLIA RESERVOIR, MD US","2020-03-26",,,"0.27","0.0","0.0",,"49","43","44"
"USC00182325","DALECARLIA RESERVOIR, MD US","2020-03-27",,,,"0.0","0.0",,"59","43","47"
"USC00182325","DALECARLIA RESERVOIR, MD US","2020-03-28",,,"0.30","0.0","0.0",,"67","46","53"
"USC00182325","DALECARLIA RESERVOIR, MD US","2020-03-29",,,"0.15","0.0","0.0",,"70","45","50"
"USC00182325","DALECARLIA RESERVOIR, MD US","2020-03-30",,,"0.00","0.0","0.0",,"69","50","54"
"USC00182325","DALECARLIA RESERVOIR, MD US","2020-03-31",,,"0.00","0.0","0.0",,"75","50","50"
"USC00182325","DALECARLIA RESERVOIR, MD US","2020-04-01",,,"0.20","0.0","0.0",,"54","40","41"
"USC00182325","DALECARLIA RESERVOIR, MD US","2020-04-02",,,"0.00","0.0","0.0",,"54","40","46"
"USC00182325","DALECARLIA RESERVOIR, MD US","2020-04-03",,,"0.00","0.0","0.0",,"61","46","48"
"USC00182325","DALECARLIA RESERVOIR, MD US","2020-04-04",,,"0.00","0.0","0.0",,"66","48","52"
"USC00182325","DALECARLIA RESERVOIR, MD US","2020-04-05",,,"0.00","0.0","0.0",,"58","44","46"
"USC00182325","DALECARLIA RESERVOIR, MD US","2020-04-06",,,"0.00","0.0","0.0",,"69","46","54"
"USC00182325","DALECARLIA RESERVOIR, MD US","2020-04-07",,,"0.00","0.0","0.0",,"56","48","55"
"USC00182325","DALECARLIA RESERVOIR, MD US","2020-04-08",,,"0.30","0.0","0.0",,"73","48","57"
"USC00182325","DALECARLIA RESERVOIR, MD US","2020-04-09",,,"1.00","0.0","0.0",,"77","52","54"
"USC00182325","DALECARLIA RESERVOIR, MD US","2020-04-10",,,"0.06","0.0","0.0",,"71","41","44"
"USC00182325","DALECARLIA RESERVOIR, MD US","2020-04-11",,,"0.00","0.0","0.0",,"51","35","43"
"USC00182325","DALECARLIA RESERVOIR, MD US","2020-04-12",,,"0.00","0.0","0.0",,"62","40","46"
"USC00182325","DALECARLIA RESERVOIR, MD US","2020-04-13",,,"1.90","0.0","0.0",,"72","40","61"
"USC00182325","DALECARLIA RESERVOIR, MD US","2020-04-14",,,"0.38","0.0","0.0",,"78","45","46"
"USC00182325","DALECARLIA RESERVOIR, MD US","2020-04-15",,,"0.40","0.0","0.0",,"57","37","39"
"USC00182325","DALECARLIA RESERVOIR, MD US","2020-04-16",,,"0.00","0.0","0.0",,"57","37","43"
"USC00182325","DALECARLIA RESERVOIR, MD US","2020-04-17",,,"0.00","0.0","0.0",,"58","33","34"
"USC00182325","DALECARLIA RESERVOIR, MD US","2020-04-18",,,"0.00","0.0","0.0",,"57","34","49"
"USC00182325","DALECARLIA RESERVOIR, MD US","2020-04-19",,,"0.12","0.0","0.0",,"53","34","40"
"USC00182325","DALECARLIA RESERVOIR, MD US","2020-04-20",,,"0.00","0.0","0.0",,"66","40","55"
"USC00182325","DALECARLIA RESERVOIR, MD US","2020-04-21",,,"0.00","0.0","0.0",,"56","43","56"
"USC00182325","DALECARLIA RESERVOIR, MD US","2020-04-22",,,"0.00","0.0","0.0",,"67","34","41"
"USC00182325","DALECARLIA RESERVOIR, MD US","2020-04-23",,,"0.00","0.0","0.0",,"61","41","46"
"USC00182325","DALECARLIA RESERVOIR, MD US","2020-04-24",,,"0.95","0.0","0.0",,"58","46","51"
"USC00182325","DALECARLIA RESERVOIR, MD US","2020-04-25",,,"0.05","0.0","0.0",,"58","44","47"
"USC00182325","DALECARLIA RESERVOIR, MD US","2020-04-26",,,"0.38","0.0","0.0",,"66","47","49"
"USC00182325","DALECARLIA RESERVOIR, MD US","2020-04-27",,,"0.55","0.0","0.0",,"66","43","43"
"USC00182325","DALECARLIA RESERVOIR, MD US","2020-04-28",,,"0.00","0.0","0.0",,"58","40","45"
"USC00182325","DALECARLIA RESERVOIR, MD US","2020-04-29",,,"0.10","0.0","0.0",,"58","40","48"
"USC00182325","DALECARLIA RESERVOIR, MD US","2020-04-30",,,"0.00","0.0","0.0",,"76","48","65"
"USC00182325","DALECARLIA RESERVOIR, MD US","2020-05-01",,,"1.30","0.0","0.0",,"66","52","52"
"USC00182325","DALECARLIA RESERVOIR, MD US","2020-05-02",,,"0.10","0.0","0.0",,"66","49","66"
"USC00182325","DALECARLIA RESERVOIR, MD US","2020-05-03",,,"0.00","0.0","0.0",,"73","56","60"
"USC00182325","DALECARLIA RESERVOIR, MD US","2020-05-04",,,"1.00","0.0","0.0",,"78","60","61"
"USC00182325","DALECARLIA RESERVOIR, MD US","2020-05-05",,,"0.00","0.0","0.0",,"73","48","50"
"USC00182325","DALECARLIA RESERVOIR, MD US","2020-05-06",,,"0.30","0.0","0.0",,"59","48","50"
"USC00182325","DALECARLIA RESERVOIR, MD US","2020-05-07",,,"0.33","0.0","0.0",,"57","42","47"
"USC00182325","DALECARLIA RESERVOIR, MD US","2020-05-09",,,"0.25","0.0","0.0",,"65","35","38"
"USC00182325","DALECARLIA RESERVOIR, MD US","2020-05-10",,,"0.02","0.0","0.0",,"55","34","48"
"USC00182325","DALECARLIA RESERVOIR, MD US","2020-05-11",,,"0.01","0.0","0.0",,"65","48","50"
"USC00182325","DALECARLIA RESERVOIR, MD US","2020-05-12",,,"0.00","0.0","0.0",,"60","40","46"
"USC00182325","DALECARLIA RESERVOIR, MD US","2020-05-13",,,"0.00","0.0","0.0",,"62","38","44"
"USC00182325","DALECARLIA RESERVOIR, MD US","2020-05-14",,,"0.00","0.0","0.0",,"70","44","70"
"USC00182325","DALECARLIA RESERVOIR, MD US","2020-05-15",,,"0.06","0.0","0.0",,"71","57","67"
"USC00182325","DALECARLIA RESERVOIR, MD US","2020-05-16",,,"0.00","0.0","0.0",,"86","64","72"
"USC00182325","DALECARLIA RESERVOIR, MD US","2020-05-17",,,"0.00","0.0","0.0",,"81","61","61"
"USC00182325","DALECARLIA RESERVOIR, MD US","2020-05-18",,,"0.00","0.0","0.0",,"67","55","56"
"USC00182325","DALECARLIA RESERVOIR, MD US","2020-05-19",,,"0.00","0.0","0.0",,"67","56","58"
"USC00182325","DALECARLIA RESERVOIR, MD US","2020-05-20",,,"0.00","0.0","0.0",,"68","51","52"
"USC00182325","DALECARLIA RESERVOIR, MD US","2020-05-21",,,"0.00","0.0","0.0",,"63","49","51"
"USC00182325","DALECARLIA RESERVOIR, MD US","2020-05-22",,,,"0.0","0.0",,"72","50","60"
"USC00182325","DALECARLIA RESERVOIR, MD US","2020-05-23",,,"0.55","0.0","0.0",,"74","60","62"
"USC00182325","DALECARLIA RESERVOIR, MD US","2020-05-24",,,"0.50","0.0","0.0",,"72","59","63"
"USC00182325","DALECARLIA RESERVOIR, MD US","2020-05-25",,,"0.00","0.0","0.0",,"68","58","61"
"USC00182325","DALECARLIA RESERVOIR, MD US","2020-05-26",,,"0.00","0.0","0.0",,"76","57","66"
"USC00182325","DALECARLIA RESERVOIR, MD US","2020-05-27",,,"0.00","0.0","0.0",,"82","63","68"
"USC00182325","DALECARLIA RESERVOIR, MD US","2020-05-28",,,"0.15","0.0","0.0",,"82","63","72"
"USC00182325","DALECARLIA RESERVOIR, MD US","2020-05-29",,,"0.10","0.0","0.0",,"80","72","75"
"USC00182325","DALECARLIA RESERVOIR, MD US","2020-05-30",,,"0.02","0.0","0.0",,"86","65","71"
"USC00182325","DALECARLIA RESERVOIR, MD US","2020-05-31",,,"0.00","0.0","0.0",,"82","58","62"
"USC00182325","DALECARLIA RESERVOIR, MD US","2020-06-01",,,"0.00","0.0","0.0",,"73","50","57"
"USC00182325","DALECARLIA RESERVOIR, MD US","2020-06-02",,,"0.00","0.0","0.0",,"73","50","59"
"USC00182325","DALECARLIA RESERVOIR, MD US","2020-06-03",,,"0.00","0.0","0.0",,"78","50","73"
"USC00182325","DALECARLIA RESERVOIR, MD US","2020-06-04",,,"0.00","0.0","0.0",,"94","68","72"
"USC00182325","DALECARLIA RESERVOIR, MD US","2020-06-05",,,,"0.0","0.0",,"93","68","70"
"USC00182325","DALECARLIA RESERVOIR, MD US","2020-06-06","    2","1.07",,"0.0","0.0",,"89","70","73"
"USC00182325","DALECARLIA RESERVOIR, MD US","2020-06-07",,,"0.00","0.0","0.0",,"88","62","65"
"USC00182325","DALECARLIA RESERVOIR, MD US","2020-06-08",,,"0.00","0.0","0.0",,"80","59","67"
"USC00182325","DALECARLIA RESERVOIR, MD US","2020-06-09",,,"0.00","0.0","0.0",,"81","61","74"
"USC00182325","DALECARLIA RESERVOIR, MD US","2020-06-10",,,"0.00","0.0","0.0",,"91","74","77"
"USC00182325","DALECARLIA RESERVOIR, MD US","2020-06-11",,,"0.45","0.0","0.0",,"90","74","75"
"USC00182325","DALECARLIA RESERVOIR, MD US","2020-06-12",,,"0.41","0.0","0.0",,"83","64","75"
"USC00182325","DALECARLIA RESERVOIR, MD US","2020-06-13",,,"0.00","0.0","0.0",,"86","63","68"
"USC00182325","DALECARLIA RESERVOIR, MD US","2020-06-14",,,"0.00","0.0","0.0",,"77","61","63"
"USC00182325","DALECARLIA RESERVOIR, MD US","2020-06-15",,,"0.00","0.0","0.0",,"76","60","63"
"USC00182325","DALECARLIA RESERVOIR, MD US","2020-06-16",,,"0.00","0.0","0.0",,"76","62","63"
"USC00182325","DALECARLIA RESERVOIR, MD US","2020-06-17",,,"0.00","0.0","0.0",,"75","63","64"
"USC00182325","DALECARLIA RESERVOIR, MD US","2020-06-18",,,"0.70","0.0","0.0",,"76","62","66"
"USC00182325","DALECARLIA RESERVOIR, MD US","2020-06-19",,,"0.00","0.0","0.0",,"81","66","71"
"USC00182325","DALECARLIA RESERVOIR, MD US","2020-06-22",,,"0.00","0.0","0.0",,"84","67","77"
"USC00182325","DALECARLIA RESERVOIR, MD US","2020-06-23",,,"0.00","0.0","0.0",,"91","67","76"
"USC00182325","DALECARLIA RESERVOIR, MD US","2020-06-26",,,"0.35","0.0","0.0",,"86","63","66"
"USC00182325","DALECARLIA RESERVOIR, MD US","2020-06-27",,,"0.00","0.0","0.0",,"88","66","75"
"USC00182325","DALECARLIA RESERVOIR, MD US","2020-06-28",,,"0.05","0.0","0.0",,"91","71","73"
"USC00182325","DALECARLIA RESERVOIR, MD US","2020-06-29",,,"0.00","0.0","0.0",,"88","71","74"
"USC00182325","DALECARLIA RESERVOIR, MD US","2020-07-02",,,"0.00","0.0","0.0",,"89","68","73"
"USC00182325","DALECARLIA RESERVOIR, MD US","2020-07-03",,,"0.00","0.0","0.0",,"89","70","84"
"USC00182325","DALECARLIA RESERVOIR, MD US","2020-07-04",,,"0.00","0.0","0.0",,"93","72","78"
"USC00182325","DALECARLIA RESERVOIR, MD US","2020-07-05",,,"0.00","0.0","0.0",,"93","72","77"
"USC00182325","DALECARLIA RESERVOIR, MD US","2020-07-06",,,"0.19","0.0","0.0",,"93","72","77"
"USC00182325","DALECARLIA RESERVOIR, MD US","2020-07-07",,,"3.11","0.0","0.0",,"95","69","72"
"USC00182325","DALECARLIA RESERVOIR, MD US","2020-07-08",,,"0.10","0.0","0.0",,"89","72","79"
"USC00182325","DALECARLIA RESERVOIR, MD US","2020-07-09",,,"0.00","0.0","0.0",,"92","72","78"
"USC00182325","DALECARLIA RESERVOIR, MD US","2020-07-10",,,"0.00","0.0","0.0",,"89","74","76"
"USC00182325","DALECARLIA RESERVOIR, MD US","2020-07-11",,,"0.00","0.0","0.0",,"88","73","76"
"USC00182325","DALECARLIA RESERVOIR, MD US","2020-07-12",,,"0.00","0.0","0.0",,"90","67","74"
"USC00182325","DALECARLIA RESERVOIR, MD US","2020-07-13",,,"0.00","0.0","0.0",,"90","68","71"
"USC00182325","DALECARLIA RESERVOIR, MD US","2020-07-14",,,"0.00","0.0","0.0",,"88","70","73"
"USC00182325","DALECARLIA RESERVOIR, MD US","2020-07-15",,,"0.00","0.0","0.0",,"88","67","71"
"USC00182325","DALECARLIA RESERVOIR, MD US","2020-07-16",,,"0.00","0.0","0.0",,"91","71","74"
"USC00182325","DALECARLIA RESERVOIR, MD US","2020-07-17",,,"0.00","0.0","0.0",,"91","74","77"
"USC00182325","DALECARLIA RESERVOIR, MD US","2020-07-18",,,"0.00","0.0","0.0",,"94","73","77"
"USC00182325","DALECARLIA RESERVOIR, MD US","2020-07-19",,,"0.00","0.0","0.0",,"96","73","80"
"USC00182325","DALECARLIA RESERVOIR, MD US","2020-07-20",,,"0.00","0.0","0.0",,"99","77","78"
"USC00182325","DALECARLIA RESERVOIR, MD US","2020-07-21",,,"0.00","0.0","0.0",,"98","75","79"
"USC00182325","DALECARLIA RESERVOIR, MD US","2020-07-22",,,"0.20","0.0","0.0",,"98","73","75"
"USC00182325","DALECARLIA RESERVOIR, MD US","2020-07-23",,,"1.10","0.0","0.0",,"94","72","74"
"USC00182325","DALECARLIA RESERVOIR, MD US","2020-07-24",,,"0.77","0.0","0.0",,"94","72","73"
"USC00182325","DALECARLIA RESERVOIR, MD US","2020-07-25",,,"0.00","0.0","0.0",,"84","71","75"
"USC00182325","DALECARLIA RESERVOIR, MD US","2020-07-26",,,"0.00","0.0","0.0",,"91","75","81"
"USC00182325","DALECARLIA RESERVOIR, MD US","2020-07-27",,,"0.00","0.0","0.0",,"93","73","76"
"USC00182325","DALECARLIA RESERVOIR, MD US","2020-07-28",,,"0.00","0.0","0.0",,"96","75","82"
"USC00182325","DALECARLIA RESERVOIR, MD US","2020-07-29",,,"0.05","0.0","0.0",,"90","72","76"
"USC00182325","DALECARLIA RESERVOIR, MD US","2020-07-30",,,"0.00","0.0","0.0",,"92","71","75"
"USC00182325","DALECARLIA RESERVOIR, MD US","2020-07-31",,,"0.18","0.0","0.0",,"95","72","72"
"USC00182325","DALECARLIA RESERVOIR, MD US","2020-08-01",,,"0.03","0.0","0.0",,"78","71","74"
"USC00182325","DALECARLIA RESERVOIR, MD US","2020-08-02",,,"0.00","0.0","0.0",,"87","74","78"
"USC00182325","DALECARLIA RESERVOIR, MD US","2020-08-03",,,"0.00","0.0","0.0",,"92","74","77"
"USC00182325","DALECARLIA RESERVOIR, MD US","2020-08-04",,,"2.20","0.0","0.0",,"87","68","68"
"USC00182325","DALECARLIA RESERVOIR, MD US","2020-08-05",,,"0.90","0.0","0.0",,"87","67","72"
"USC00182325","DALECARLIA RESERVOIR, MD US","2020-08-06",,,"0.30","0.0","0.0",,"85","70","70"
"USC00182325","DALECARLIA RESERVOIR, MD US","2020-08-07",,,"0.02","0.0","0.0",,"84","70","75"
"USC00182325","DALECARLIA RESERVOIR, MD US","2020-08-08",,,"0.08","0.0","0.0",,"87","70","71"
"USC00182325","DALECARLIA RESERVOIR, MD US","2020-08-09",,,"0.00","0.0","0.0",,"84","71","72"
"USC00182325","DALECARLIA RESERVOIR, MD US","2020-08-10",,,"0.00","0.0","0.0",,"85","60","62"
"USC00182325","DALECARLIA RESERVOIR, MD US","2020-08-11",,,,"0.0","0.0",,,,
"USC00182325","DALECARLIA RESERVOIR, MD US","2020-08-12",,,"0.70","0.0","0.0",,,,
"USC00182325","DALECARLIA RESERVOIR, MD US","2020-08-13",,,"1.05","0.0","0.0",,,,
"USC00182325","DALECARLIA RESERVOIR, MD US","2020-08-14",,,"0.22","0.0","0.0",,,,
"USC00182325","DALECARLIA RESERVOIR, MD US","2020-08-15",,,"0.02","0.0","0.0",,,,
"USC00182325","DALECARLIA RESERVOIR, MD US","2020-08-16",,,"0.95","0.0","0.0",,,,
"USC00182325","DALECARLIA RESERVOIR, MD US","2020-08-17",,,"0.13","0.0","0.0",,,,
"USC00182325","DALECARLIA RESERVOIR, MD US","2020-08-18",,,"0.25","0.0","0.0",,"78","60","62"
"USC00182325","DALECARLIA RESERVOIR, MD US","2020-08-19",,,"0.16","0.0","0.0",,,,
"USC00182325","DALECARLIA RESERVOIR, MD US","2020-08-20",,,"0.00","0.0","0.0",,,,
"USC00182325","DALECARLIA RESERVOIR, MD US","2020-08-21",,,"0.00","0.0","0.0",,"77","62","66"
"USC00182325","DALECARLIA RESERVOIR, MD US","2020-08-22",,,"0.04","0.0","0.0",,"80",,"69"
"USC00182325","DALECARLIA RESERVOIR, MD US","2020-08-23",,,"0.00","0.0","0.0",,"86",,"70"
"USC00182325","DALECARLIA RESERVOIR, MD US","2020-08-24",,,,"0.0","0.0",,,,
"USC00182325","DALECARLIA RESERVOIR, MD US","2020-08-25",,,,"0.0","0.0",,,,
"USC00182325","DALECARLIA RESERVOIR, MD US","2020-08-26",,,"0.00","0.0","0.0",,"87","65","68"
"USC00182325","DALECARLIA RESERVOIR, MD US","2020-08-27",,,"0.00","0.0","0.0",,"86","64","70"
"USC00182325","DALECARLIA RESERVOIR, MD US","2020-08-28",,,"0.00","0.0","0.0",,"93","70","80"
"USC00182325","DALECARLIA RESERVOIR, MD US","2020-08-29",,,"1.08","0.0","0.0",,"93","71","72"
"USC00182325","DALECARLIA RESERVOIR, MD US","2020-08-30",,,"0.20","0.0","0.0",,"86","63","64"
"USC00182325","DALECARLIA RESERVOIR, MD US","2020-08-31",,,"0.00","0.0","0.0",,"81","64","67"
"USC00182325","DALECARLIA RESERVOIR, MD US","2020-09-01",,,"0.48","0.0","0.0",,"77","66","68"
"USC00182325","DALECARLIA RESERVOIR, MD US","2020-09-02",,,"0.08","0.0","0.0",,"81","68","73"
"USC00182325","DALECARLIA RESERVOIR, MD US","2020-09-03",,,"0.10","0.0","0.0",,"88","71","73"
"USC00182325","DALECARLIA RESERVOIR, MD US","2020-09-04",,,"0.75","0.0","0.0",,"91","70","71"
"USC00182325","DALECARLIA RESERVOIR, MD US","2020-09-05",,,"0.00","0.0","0.0",,"88","60","62"
"USC00182325","DALECARLIA RESERVOIR, MD US","2020-09-06",,,"0.00","0.0","0.0",,"80","59","61"
"USC00182325","DALECARLIA RESERVOIR, MD US","2020-09-07",,,"0.00","0.0","0.0",,"85","60","61"
"USC00182325","DALECARLIA RESERVOIR, MD US","2020-09-08",,,"0.00","0.0","0.0",,"85","61","74"
"USC00182325","DALECARLIA RESERVOIR, MD US","2020-09-09",,,"0.00","0.0","0.0",,"87","70","72"
"USC00182325","DALECARLIA RESERVOIR, MD US","2020-09-10",,,"0.60","0.0","0.0",,"78","72","74"
"USC00182325","DALECARLIA RESERVOIR, MD US","2020-09-11",,,"2.50","0.0","0.0",,"78","72","74"
"USC00182325","DALECARLIA RESERVOIR, MD US","2020-09-12",,,"0.20","0.0","0.0",,"78","64","66"
"USC00182325","DALECARLIA RESERVOIR, MD US","2020-09-13",,,"0.00","0.0","0.0",,"73","58","59"
"USC00182325","DALECARLIA RESERVOIR, MD US","2020-09-14",,,"0.00","0.0","0.0",,"82","59","70"
"USC00182325","DALECARLIA RESERVOIR, MD US","2020-09-15",,,"0.00","0.0","0.0",,"78","52","53"
"USC00182325","DALECARLIA RESERVOIR, MD US","2020-09-16",,,"0.00","0.0","0.0",,"68","50","52"
"USC00182325","DALECARLIA RESERVOIR, MD US","2020-09-17",,,"0.00","0.0","0.0",,"73","50","63"
"USC00182325","DALECARLIA RESERVOIR, MD US","2020-09-18",,,"0.32","0.0","0.0",,"74","50","63"
"USC00182325","DALECARLIA RESERVOIR, MD US","2020-09-19",,,"0.00","0.0","0.0",,"73","47","51"
"USC00182325","DALECARLIA RESERVOIR, MD US","2020-09-20",,,"0.00","0.0","0.0",,"64","43","43"
"USC00182325","DALECARLIA RESERVOIR, MD US","2020-09-21",,,"0.00","0.0","0.0",,"67","43","44"
"USC00182325","DALECARLIA RESERVOIR, MD US","2020-09-22",,,"0.00","0.0","0.0",,"66","43","46"
"USC00182325","DALECARLIA RESERVOIR, MD US","2020-09-23",,,"0.00","0.0","0.0",,"69","46","53"
"USC00182325","DALECARLIA RESERVOIR, MD US","2020-09-24",,,"0.00","0.0","0.0",,"79","52","53"
"USC00182325","DALECARLIA RESERVOIR, MD US","2020-09-25",,,"0.00","0.0","0.0",,"72","53","59"
"USC00182325","DALECARLIA RESERVOIR, MD US","2020-09-26",,,"0.50","0.0","0.0",,"68","58","62"
"USC00182325","DALECARLIA RESERVOIR, MD US","2020-09-27",,,"0.13","0.0","0.0",,"71","62","66"
"USC00182325","DALECARLIA RESERVOIR, MD US","2020-09-28",,,"0.02","0.0","0.0",,"77","65","67"
"USC00182325","DALECARLIA RESERVOIR, MD US","2020-09-29",,,"0.00","0.0","0.0",,"80","67","69"
"USC00182325","DALECARLIA RESERVOIR, MD US","2020-09-30",,,"0.45","0.0","0.0",,"80","54","55"
"USW00013743","WASHINGTON REAGAN NATIONAL AIRPORT, VA US","2020-01-01",,,"0.00","0.0","0.0","46","51","35",
"USW00013743","WASHINGTON REAGAN NATIONAL AIRPORT, VA US","2020-01-02",,,"0.00","0.0","0.0","41","54","32",
"USW00013743","WASHINGTON REAGAN NATIONAL AIRPORT, VA US","2020-01-03",,,"0.25","0.0","0.0","50","53","46",
"USW00013743","WASHINGTON REAGAN NATIONAL AIRPORT, VA US","2020-01-04",,,"0.31","0.0","0.0","53","59","46",
"USW00013743","WASHINGTON REAGAN NATIONAL AIRPORT, VA US","2020-01-05",,,"0.00","0.0","0.0","43","46","36",
"USW00013743","WASHINGTON REAGAN NATIONAL AIRPORT, VA US","2020-01-06",,,"0.00","0.0","0.0","43","56","35",
"USW00013743","WASHINGTON REAGAN NATIONAL AIRPORT, VA US","2020-01-07",,,"0.32","0.0","0.0","39","47","32",
"USW00013743","WASHINGTON REAGAN NATIONAL AIRPORT, VA US","2020-01-08",,,"0.00","0.0","0.0","37","47","30",
"USW00013743","WASHINGTON REAGAN NATIONAL AIRPORT, VA US","2020-01-09",,,"0.00","0.0","0.0","34","41","29",
"USW00013743","WASHINGTON REAGAN NATIONAL AIRPORT, VA US","2020-01-10",,,"0.00","0.0","0.0","41","55","35",
"USW00013743","WASHINGTON REAGAN NATIONAL AIRPORT, VA US","2020-01-11",,,"0.00","0.0","0.0","58","72","46",
"USW00013743","WASHINGTON REAGAN NATIONAL AIRPORT, VA US","2020-01-12",,,"0.38","0.0","0.0","66","70","49",
"USW00013743","WASHINGTON REAGAN NATIONAL AIRPORT, VA US","2020-01-13",,,"0.00","0.0","0.0","49","53","44",
"USW00013743","WASHINGTON REAGAN NATIONAL AIRPORT, VA US","2020-01-14",,,"0.04","0.0","0.0","47","50","44",
"USW00013743","WASHINGTON REAGAN NATIONAL AIRPORT, VA US","2020-01-15",,,"0.00","0.0","0.0","49","58","45",
"USW00013743","WASHINGTON REAGAN NATIONAL AIRPORT, VA US","2020-01-16",,,"0.00","0.0","0.0","51","57","36",
"USW00013743","WASHINGTON REAGAN NATIONAL AIRPORT, VA US","2020-01-17",,,"0.00","0.0","0.0","36","40","29",
"USW00013743","WASHINGTON REAGAN NATIONAL AIRPORT, VA US","2020-01-18",,,"0.25","0.2","0.0","31","42","27",
"USW00013743","WASHINGTON REAGAN NATIONAL AIRPORT, VA US","2020-01-19",,,"0.00","0.0","0.0","41","46","28",
"USW00013743","WASHINGTON REAGAN NATIONAL AIRPORT, VA US","2020-01-20",,,"0.00","0.0","0.0","30","36","24",
"USW00013743","WASHINGTON REAGAN NATIONAL AIRPORT, VA US","2020-01-21",,,"0.00","0.0","0.0","30","38","23",
"USW00013743","WASHINGTON REAGAN NATIONAL AIRPORT, VA US","2020-01-22",,,"0.00","0.0","0.0","31","40","24",
"USW00013743","WASHINGTON REAGAN NATIONAL AIRPORT, VA US","2020-01-23",,,"0.00","0.0","0.0","35","44","27",
"USW00013743","WASHINGTON REAGAN NATIONAL AIRPORT, VA US","2020-01-24",,,"0.00","0.0","0.0","41","51","34",
"USW00013743","WASHINGTON REAGAN NATIONAL AIRPORT, VA US","2020-01-25",,,"1.23","0.0","0.0","49","52","41",
"USW00013743","WASHINGTON REAGAN NATIONAL AIRPORT, VA US","2020-01-26",,,"0.00","0.0","0.0","44","50","36",
"USW00013743","WASHINGTON REAGAN NATIONAL AIRPORT, VA US","2020-01-27",,,"0.00","0.0","0.0","43","50","35",
"USW00013743","WASHINGTON REAGAN NATIONAL AIRPORT, VA US","2020-01-28",,,"0.00","0.0","0.0","44","49","40",
"USW00013743","WASHINGTON REAGAN NATIONAL AIRPORT, VA US","2020-01-29",,,"0.00","0.0","0.0","42","47","32",
"USW00013743","WASHINGTON REAGAN NATIONAL AIRPORT, VA US","2020-01-30",,,"0.00","0.0","0.0","36","44","31",
"USW00013743","WASHINGTON REAGAN NATIONAL AIRPORT, VA US","2020-01-31",,,"0.01","0.0","0.0","39","47","33",
"USW00013743","WASHINGTON REAGAN NATIONAL AIRPORT, VA US","2020-02-01",,,"0.06","0.0","0.0","41","51","31",
"USW00013743","WASHINGTON REAGAN NATIONAL AIRPORT, VA US","2020-02-02",,,"0.01","0.0","0.0","43","55","35",
"USW00013743","WASHINGTON REAGAN NATIONAL AIRPORT, VA US","2020-02-03",,,"0.00","0.0","0.0","53","63","42",
"USW00013743","WASHINGTON REAGAN NATIONAL AIRPORT, VA US","2020-02-04",,,"0.02","0.0","0.0","56","65","49",
"USW00013743","WASHINGTON REAGAN NATIONAL AIRPORT, VA US","2020-02-05",,,"0.13","0.0","0.0","50","57","39",
"USW00013743","WASHINGTON REAGAN NATIONAL AIRPORT, VA US","2020-02-06",,,"0.79","0.0","0.0","41","47","39",
"USW00013743","WASHINGTON REAGAN NATIONAL AIRPORT, VA US","2020-02-07",,,"0.42","0.0","0.0","50","59","36",
"USW00013743","WASHINGTON REAGAN NATIONAL AIRPORT, VA US","2020-02-08",,,"0.00","0.0","0.0","38","46","31",
"USW00013743","WASHINGTON REAGAN NATIONAL AIRPORT, VA US","2020-02-09",,,"0.00","0.0","0.0","40","50","31",
"USW00013743","WASHINGTON REAGAN NATIONAL AIRPORT, VA US","2020-02-10",,,"0.43","0.0","0.0","45","49","43",
"USW00013743","WASHINGTON REAGAN NATIONAL AIRPORT, VA US","2020-02-11",,,"0.50","0.0","0.0","52","58","48",
"USW00013743","WASHINGTON REAGAN NATIONAL AIRPORT, VA US","2020-02-12",,,"0.09","0.0","0.0","47","50","41",
"USW00013743","WASHINGTON REAGAN NATIONAL AIRPORT, VA US","2020-02-13",,,"0.30","0.0","0.0","47","57","41",
"USW00013743","WASHINGTON REAGAN NATIONAL AIRPORT, VA US","2020-02-14",,,"0.00","0.0","0.0","40","44","26",
"USW00013743","WASHINGTON REAGAN NATIONAL AIRPORT, VA US","2020-02-15",,,"0.00","0.0","0.0","29","36","22",
"USW00013743","WASHINGTON REAGAN NATIONAL AIRPORT, VA US","2020-02-16",,,"0.00","0.0","0.0","38","52","32",
"USW00013743","WASHINGTON REAGAN NATIONAL AIRPORT, VA US","2020-02-17",,,"0.00","0.0","0.0","45","56","38",
"USW00013743","WASHINGTON REAGAN NATIONAL AIRPORT, VA US","2020-02-18",,,"0.00","0.0","0.0","47","59","41",
"USW00013743","WASHINGTON REAGAN NATIONAL AIRPORT, VA US","2020-02-19",,,"0.01","0.0","0.0","50","56","40",
"USW00013743","WASHINGTON REAGAN NATIONAL AIRPORT, VA US","2020-02-20",,,"0.00","0.0","0.0","40","42","33",
"USW00013743","WASHINGTON REAGAN NATIONAL AIRPORT, VA US","2020-02-21",,,"0.00","0.0","0.0","33","39","24",
"USW00013743","WASHINGTON REAGAN NATIONAL AIRPORT, VA US","2020-02-22",,,"0.00","0.0","0.0","37","55","26",
"USW00013743","WASHINGTON REAGAN NATIONAL AIRPORT, VA US","2020-02-23",,,"0.00","0.0","0.0","43","59","30",
"USW00013743","WASHINGTON REAGAN NATIONAL AIRPORT, VA US","2020-02-24",,,"0.00","0.0","0.0","46","60","36",
"USW00013743","WASHINGTON REAGAN NATIONAL AIRPORT, VA US","2020-02-25",,,"0.23","0.0","0.0","49","55","46",
"USW00013743","WASHINGTON REAGAN NATIONAL AIRPORT, VA US","2020-02-26",,,"0.17","0.0","0.0","51","54","44",
"USW00013743","WASHINGTON REAGAN NATIONAL AIRPORT, VA US","2020-02-27",,,"0.05","0.0","0.0","43","45","32",
"USW00013743","WASHINGTON REAGAN NATIONAL AIRPORT, VA US","2020-02-28",,,"0.00","0.0","0.0","38","48","30",
"USW00013743","WASHINGTON REAGAN NATIONAL AIRPORT, VA US","2020-02-29",,,"0.00","0.0","0.0","36","39","31",
"USW00013743","WASHINGTON REAGAN NATIONAL AIRPORT, VA US","2020-03-01",,,"0.00","0.0","0.0","38","52","26",
"USW00013743","WASHINGTON REAGAN NATIONAL AIRPORT, VA US","2020-03-02",,,"0.09","0.0","0.0","49","67","38",
"USW00013743","WASHINGTON REAGAN NATIONAL AIRPORT, VA US","2020-03-03",,,"0.07","0.0","0.0","54","65","45",
"USW00013743","WASHINGTON REAGAN NATIONAL AIRPORT, VA US","2020-03-04",,,"0.00","0.0","0.0","56","65","46",
"USW00013743","WASHINGTON REAGAN NATIONAL AIRPORT, VA US","2020-03-05",,,"0.00","0.0","0.0","51","54","41",
"USW00013743","WASHINGTON REAGAN NATIONAL AIRPORT, VA US","2020-03-06",,,"0.00","0.0","0.0","44","53","37",
"USW00013743","WASHINGTON REAGAN NATIONAL AIRPORT, VA US","2020-03-07",,,"0.00","0.0","0.0","45","53","39",
"USW00013743","WASHINGTON REAGAN NATIONAL AIRPORT, VA US","2020-03-08",,,"0.00","0.0","0.0","48","62","36",
"USW00013743","WASHINGTON REAGAN NATIONAL AIRPORT, VA US","2020-03-09",,,"0.00","0.0","0.0","55","74","43",
"USW00013743","WASHINGTON REAGAN NATIONAL AIRPORT, VA US","2020-03-10",,,"0.01","0.0","0.0","62","72","54",
"USW00013743","WASHINGTON REAGAN NATIONAL AIRPORT, VA US","2020-03-11",,,"0.00","0.0","0.0","55","57","45",
"USW00013743","WASHINGTON REAGAN NATIONAL AIRPORT, VA US","2020-03-12",,,"0.00","0.0","0.0","53","64","46",
"USW00013743","WASHINGTON REAGAN NATIONAL AIRPORT, VA US","2020-03-13",,,"0.22","0.0","0.0","60","77","51",
"USW00013743","WASHINGTON REAGAN NATIONAL AIRPORT, VA US","2020-03-14",,,"0.12","0.0","0.0","55","58","42",
"USW00013743","WASHINGTON REAGAN NATIONAL AIRPORT, VA US","2020-03-15",,,"0.04","0.0","0.0","45","51","41",
"USW00013743","WASHINGTON REAGAN NATIONAL AIRPORT, VA US","2020-03-16",,,"0.00","0.0","0.0","46","55","38",
"USW00013743","WASHINGTON REAGAN NATIONAL AIRPORT, VA US","2020-03-17",,,"0.01","0.0","0.0","51","64","44",
"USW00013743","WASHINGTON REAGAN NATIONAL AIRPORT, VA US","2020-03-18",,,"0.08","0.0","0.0","52","58","44",
"USW00013743","WASHINGTON REAGAN NATIONAL AIRPORT, VA US","2020-03-19",,,"0.33","0.0","0.0","57","75","49",
"USW00013743","WASHINGTON REAGAN NATIONAL AIRPORT, VA US","2020-03-20",,,"0.02","0.0","0.0","68","83","57",
"USW00013743","WASHINGTON REAGAN NATIONAL AIRPORT, VA US","2020-03-21",,,"0.08","0.0","0.0","59","69","47",
"USW00013743","WASHINGTON REAGAN NATIONAL AIRPORT, VA US","2020-03-22",,,"0.00","0.0","0.0","47","53","40",
"USW00013743","WASHINGTON REAGAN NATIONAL AIRPORT, VA US","2020-03-23",,,"0.36","0.0","0.0","44","47","41",
"USW00013743","WASHINGTON REAGAN NATIONAL AIRPORT, VA US","2020-03-24",,,"0.00","0.0","0.0","48","55","44",
"USW00013743","WASHINGTON REAGAN NATIONAL AIRPORT, VA US","2020-03-25",,,"0.29","0.0","0.0","48","50","44",
"USW00013743","WASHINGTON REAGAN NATIONAL AIRPORT, VA US","2020-03-26",,,"0.00","0.0","0.0","50","59","45",
"USW00013743","WASHINGTON REAGAN NATIONAL AIRPORT, VA US","2020-03-27",,,"0.01","0.0","0.0","59","70","51",
"USW00013743","WASHINGTON REAGAN NATIONAL AIRPORT, VA US","2020-03-28",,,"0.46","0.0","0.0","57","59","51",
"USW00013743","WASHINGTON REAGAN NATIONAL AIRPORT, VA US","2020-03-29",,,"0.00","0.0","0.0","55","71","51",
"USW00013743","WASHINGTON REAGAN NATIONAL AIRPORT, VA US","2020-03-30",,,"0.00","0.0","0.0","60","76","53",
"USW00013743","WASHINGTON REAGAN NATIONAL AIRPORT, VA US","2020-03-31",,,"0.12","0.0","0.0","54","56","43",
"USW00013743","WASHINGTON REAGAN NATIONAL AIRPORT, VA US","2020-04-01",,,"0.00","0.0","0.0","47","57","42",
"USW00013743","WASHINGTON REAGAN NATIONAL AIRPORT, VA US","2020-04-02",,,"0.00","0.0","0.0","53","63","42",
"USW00013743","WASHINGTON REAGAN NATIONAL AIRPORT, VA US","2020-04-03",,,"0.00","0.0","0.0","57","68","47",
"USW00013743","WASHINGTON REAGAN NATIONAL AIRPORT, VA US","2020-04-04",,,"0.00","0.0","0.0","55","60","50",
"USW00013743","WASHINGTON REAGAN NATIONAL AIRPORT, VA US","2020-04-05",,,"0.00","0.0","0.0","56","68","47",
"USW00013743","WASHINGTON REAGAN NATIONAL AIRPORT, VA US","2020-04-06",,,"0.00","0.0","0.0","62","71","54",
"USW00013743","WASHINGTON REAGAN NATIONAL AIRPORT, VA US","2020-04-07",,,"0.37","0.0","0.0","60","74","54",
"USW00013743","WASHINGTON REAGAN NATIONAL AIRPORT, VA US","2020-04-08",,,"0.03","0.0","0.0","65","78","56",
"USW00013743","WASHINGTON REAGAN NATIONAL AIRPORT, VA US","2020-04-09",,,"0.14","0.0","0.0","62","75","48",
"USW00013743","WASHINGTON REAGAN NATIONAL AIRPORT, VA US","2020-04-10",,,"0.00","0.0","0.0","49","53","42",
"USW00013743","WASHINGTON REAGAN NATIONAL AIRPORT, VA US","2020-04-11",,,"0.00","0.0","0.0","50","64","39",
"USW00013743","WASHINGTON REAGAN NATIONAL AIRPORT, VA US","2020-04-12",,,"0.21","0.0","0.0","57","74","46",
"USW00013743","WASHINGTON REAGAN NATIONAL AIRPORT, VA US","2020-04-13",,,"2.33","0.0","0.0","67","81","53",
"USW00013743","WASHINGTON REAGAN NATIONAL AIRPORT, VA US","2020-04-14",,,"0.14","0.0","0.0","55","60","40",
"USW00013743","WASHINGTON REAGAN NATIONAL AIRPORT, VA US","2020-04-15",,,"0.16","0.0","0.0","46","54","38",
"USW00013743","WASHINGTON REAGAN NATIONAL AIRPORT, VA US","2020-04-16",,,"0.00","0.0","0.0","48","55","42",
"USW00013743","WASHINGTON REAGAN NATIONAL AIRPORT, VA US","2020-04-17",,,"0.00","0.0","0.0","49","58","38",
"USW00013743","WASHINGTON REAGAN NATIONAL AIRPORT, VA US","2020-04-18",,,"0.06","0.0","0.0","51","56","43",
"USW00013743","WASHINGTON REAGAN NATIONAL AIRPORT, VA US","2020-04-19",,,"0.00","0.0","0.0","51","66","37",
"USW00013743","WASHINGTON REAGAN NATIONAL AIRPORT, VA US","2020-04-20",,,"0.00","0.0","0.0","57","64","52",
"USW00013743","WASHINGTON REAGAN NATIONAL AIRPORT, VA US","2020-04-21",,,"0.02","0.0","0.0","56","68","44",
"USW00013743","WASHINGTON REAGAN NATIONAL AIRPORT, VA US","2020-04-22",,,"0.00","0.0","0.0","50","62","38",
"USW00013743","WASHINGTON REAGAN NATIONAL AIRPORT, VA US","2020-04-23",,,"0.74","0.0","0.0","55","59","49",
"USW00013743","WASHINGTON REAGAN NATIONAL AIRPORT, VA US","2020-04-24",,,"0.61","0.0","0.0","55","61","52",
"USW00013743","WASHINGTON REAGAN NATIONAL AIRPORT, VA US","2020-04-25",,,"0.05","0.0","0.0","56","65","48",
"USW00013743","WASHINGTON REAGAN NATIONAL AIRPORT, VA US","2020-04-26",,,"0.23","0.0","0.0","53","57","50",
"USW00013743","WASHINGTON REAGAN NATIONAL AIRPORT, VA US","2020-04-27",,,"0.09","0.0","0.0","52","60","45",
"USW00013743","WASHINGTON REAGAN NATIONAL AIRPORT, VA US","2020-04-28",,,"0.02","0.0","0.0","51","58","45",
"USW00013743","WASHINGTON REAGAN NATIONAL AIRPORT, VA US","2020-04-29",,,"0.00","0.0","0.0","59","75","47",
"USW00013743","WASHINGTON REAGAN NATIONAL AIRPORT, VA US","2020-04-30",,,"1.10","0.0","0.0","64","67","57",
"USW00013743","WASHINGTON REAGAN NATIONAL AIRPORT, VA US","2020-05-01",,,"0.09","0.0","0.0","59","67","52",
"USW00013743","WASHINGTON REAGAN NATIONAL AIRPORT, VA US","2020-05-02",,,"0.00","0.0","0.0","61","72","52",
"USW00013743","WASHINGTON REAGAN NATIONAL AIRPORT, VA US","2020-05-03",,,"0.93","0.0","0.0","64","79","60",
"USW00013743","WASHINGTON REAGAN NATIONAL AIRPORT, VA US","2020-05-04",,,"0.09","0.0","0.0","68","75","56",
"USW00013743","WASHINGTON REAGAN NATIONAL AIRPORT, VA US","2020-05-05",,,"0.19","0.0","0.0","56","58","49",
"USW00013743","WASHINGTON REAGAN NATIONAL AIRPORT, VA US","2020-05-06",,,"0.07","0.0","0.0","52","58","47",
"USW00013743","WASHINGTON REAGAN NATIONAL AIRPORT, VA US","2020-05-07",,,"0.00","0.0","0.0","54","69","44",
"USW00013743","WASHINGTON REAGAN NATIONAL AIRPORT, VA US","2020-05-08",,,"0.12","0.0","0.0","59","69","41",
"USW00013743","WASHINGTON REAGAN NATIONAL AIRPORT, VA US","2020-05-09",,,"0.00","0.0","0.0","45","52","37",
"USW00013743","WASHINGTON REAGAN NATIONAL AIRPORT, VA US","2020-05-10",,,"0.00","0.0","0.0","50","65","38",
"USW00013743","WASHINGTON REAGAN NATIONAL AIRPORT, VA US","2020-05-11",,,"0.02","0.0","0.0","56","63","48",
"USW00013743","WASHINGTON REAGAN NATIONAL AIRPORT, VA US","2020-05-12",,,"0.00","0.0","0.0","53","64","43",
"USW00013743","WASHINGTON REAGAN NATIONAL AIRPORT, VA US","2020-05-13",,,"0.00","0.0","0.0","58","71","45",
"USW00013743","WASHINGTON REAGAN NATIONAL AIRPORT, VA US","2020-05-14",,,"0.02","0.0","0.0","60","71","51",
"USW00013743","WASHINGTON REAGAN NATIONAL AIRPORT, VA US","2020-05-15",,,"0.00","0.0","0.0","71","86","62",
"USW00013743","WASHINGTON REAGAN NATIONAL AIRPORT, VA US","2020-05-16",,,"0.00","0.0","0.0","75","83","64",
"USW00013743","WASHINGTON REAGAN NATIONAL AIRPORT, VA US","2020-05-17",,,"0.00","0.0","0.0","66","69","61",
"USW00013743","WASHINGTON REAGAN NATIONAL AIRPORT, VA US","2020-05-18",,,"0.00","0.0","0.0","62","68","57",
"USW00013743","WASHINGTON REAGAN NATIONAL AIRPORT, VA US","2020-05-19",,,"0.00","0.0","0.0","63","69","56",
"USW00013743","WASHINGTON REAGAN NATIONAL AIRPORT, VA US","2020-05-20",,,"0.00","0.0","0.0","58","64","52",
"USW00013743","WASHINGTON REAGAN NATIONAL AIRPORT, VA US","2020-05-21",,,"0.00","0.0","0.0","59","73","50",
"USW00013743","WASHINGTON REAGAN NATIONAL AIRPORT, VA US","2020-05-22",,,"0.58","0.0","0.0","67","79","60",
"USW00013743","WASHINGTON REAGAN NATIONAL AIRPORT, VA US","2020-05-23",,,"0.29","0.0","0.0","72","83","64",
"USW00013743","WASHINGTON REAGAN NATIONAL AIRPORT, VA US","2020-05-24",,,"0.00","0.0","0.0","67","70","60",
"USW00013743","WASHINGTON REAGAN NATIONAL AIRPORT, VA US","2020-05-25",,,"0.00","0.0","0.0","67","78","62",
"USW00013743","WASHINGTON REAGAN NATIONAL AIRPORT, VA US","2020-05-26",,,"0.00","0.0","0.0","70","80","62",
"USW00013743","WASHINGTON REAGAN NATIONAL AIRPORT, VA US","2020-05-27",,,"0.00","0.0","0.0","72","80","66",
"USW00013743","WASHINGTON REAGAN NATIONAL AIRPORT, VA US","2020-05-28",,,"0.08","0.0","0.0","75","80","72",
"USW00013743","WASHINGTON REAGAN NATIONAL AIRPORT, VA US","2020-05-29",,,"0.01","0.0","0.0","78","87","70",
"USW00013743","WASHINGTON REAGAN NATIONAL AIRPORT, VA US","2020-05-30",,,"0.00","0.0","0.0","76","84","69",
"USW00013743","WASHINGTON REAGAN NATIONAL AIRPORT, VA US","2020-05-31",,,"0.00","0.0","0.0","70","76","61",
"USW00013743","WASHINGTON REAGAN NATIONAL AIRPORT, VA US","2020-06-01",,,"0.00","0.0","0.0","66","75","54",
"USW00013743","WASHINGTON REAGAN NATIONAL AIRPORT, VA US","2020-06-02",,,"0.00","0.0","0.0","66","77","58",
"USW00013743","WASHINGTON REAGAN NATIONAL AIRPORT, VA US","2020-06-03",,,"0.00","0.0","0.0","78","93","68",
"USW00013743","WASHINGTON REAGAN NATIONAL AIRPORT, VA US","2020-06-04",,,"0.52","0.0","0.0","83","92","72",
"USW00013743","WASHINGTON REAGAN NATIONAL AIRPORT, VA US","2020-06-05",,,"1.26","0.0","0.0","77","88","70",
"USW00013743","WASHINGTON REAGAN NATIONAL AIRPORT, VA US","2020-06-06",,,"0.00","0.0","0.0","79","91","71",
"USW00013743","WASHINGTON REAGAN NATIONAL AIRPORT, VA US","2020-06-07",,,"0.00","0.0","0.0","77","82","67",
"USW00013743","WASHINGTON REAGAN NATIONAL AIRPORT, VA US","2020-06-08",,,"0.00","0.0","0.0","74","83","64",
"USW00013743","WASHINGTON REAGAN NATIONAL AIRPORT, VA US","2020-06-09",,,"0.00","0.0","0.0","77","89","67",
"USW00013743","WASHINGTON REAGAN NATIONAL AIRPORT, VA US","2020-06-10",,,"0.15","0.0","0.0","82","89","76",
"USW00013743","WASHINGTON REAGAN NATIONAL AIRPORT, VA US","2020-06-11",,,"0.23","0.0","0.0","80","87","74",
"USW00013743","WASHINGTON REAGAN NATIONAL AIRPORT, VA US","2020-06-12",,,"0.00","0.0","0.0","80","88","68",
"USW00013743","WASHINGTON REAGAN NATIONAL AIRPORT, VA US","2020-06-13",,,"0.00","0.0","0.0","74","80","65",
"USW00013743","WASHINGTON REAGAN NATIONAL AIRPORT, VA US","2020-06-14",,,"0.00","0.0","0.0","71","78","63",
"USW00013743","WASHINGTON REAGAN NATIONAL AIRPORT, VA US","2020-06-15",,,"0.00","0.0","0.0","70","78","63",
"USW00013743","WASHINGTON REAGAN NATIONAL AIRPORT, VA US","2020-06-16",,,"0.00","0.0","0.0","70","78","65",
"USW00013743","WASHINGTON REAGAN NATIONAL AIRPORT, VA US","2020-06-17",,,"0.85","0.0","0.0","69","73","65",
"USW00013743","WASHINGTON REAGAN NATIONAL AIRPORT, VA US","2020-06-18",,,"0.00","0.0","0.0","73","81","68",
"USW00013743","WASHINGTON REAGAN NATIONAL AIRPORT, VA US","2020-06-19",,,"0.01","0.0","0.0","75","84","69",
"USW00013743","WASHINGTON REAGAN NATIONAL AIRPORT, VA US","2020-06-20",,,"0.47","0.0","0.0","73","79","69",
"USW00013743","WASHINGTON REAGAN NATIONAL AIRPORT, VA US","2020-06-21",,,"0.00","0.0","0.0","76","86","70",
"USW00013743","WASHINGTON REAGAN NATIONAL AIRPORT, VA US","2020-06-22",,,"0.00","0.0","0.0","79","90","71",
"USW00013743","WASHINGTON REAGAN NATIONAL AIRPORT, VA US","2020-06-23",,,"0.00","0.0","0.0","77","89","71",
"USW00013743","WASHINGTON REAGAN NATIONAL AIRPORT, VA US","2020-06-24",,,"0.00","0.0","0.0","81","86","74",
"USW00013743","WASHINGTON REAGAN NATIONAL AIRPORT, VA US","2020-06-25",,,"0.00","0.0","0.0","79","86","71",
"USW00013743","WASHINGTON REAGAN NATIONAL AIRPORT, VA US","2020-06-26",,,"0.00","0.0","0.0","77","90","66",
"USW00013743","WASHINGTON REAGAN NATIONAL AIRPORT, VA US","2020-06-27",,,"0.02","0.0","0.0","82","93","75",
"USW00013743","WASHINGTON REAGAN NATIONAL AIRPORT, VA US","2020-06-28",,,"0.00","0.0","0.0","82","91","76",
"USW00013743","WASHINGTON REAGAN NATIONAL AIRPORT, VA US","2020-06-29",,,"0.00","0.0","0.0","83","92","75",
"USW00013743","WASHINGTON REAGAN NATIONAL AIRPORT, VA US","2020-06-30",,,"0.00","0.0","0.0","83","92","73",
"USW00013743","WASHINGTON REAGAN NATIONAL AIRPORT, VA US","2020-07-01",,,"0.12","0.0","0.0","80","90","73",
"USW00013743","WASHINGTON REAGAN NATIONAL AIRPORT, VA US","2020-07-02",,,"0.00","0.0","0.0","81","92","72",
"USW00013743","WASHINGTON REAGAN NATIONAL AIRPORT, VA US","2020-07-03",,,"0.00","0.0","0.0","86","97","76",
"USW00013743","WASHINGTON REAGAN NATIONAL AIRPORT, VA US","2020-07-04",,,"0.00","0.0","0.0","86","94","78",
"USW00013743","WASHINGTON REAGAN NATIONAL AIRPORT, VA US","2020-07-05",,,"0.00","0.0","0.0","83","93","76",
"USW00013743","WASHINGTON REAGAN NATIONAL AIRPORT, VA US","2020-07-06",,,"0.43","0.0","0.0","84","96","72",
"USW00013743","WASHINGTON REAGAN NATIONAL AIRPORT, VA US","2020-07-07",,,"2.04","0.0","0.0","78","90","71",
"USW00013743","WASHINGTON REAGAN NATIONAL AIRPORT, VA US","2020-07-08",,,"0.00","0.0","0.0","83","92","76",
"USW00013743","WASHINGTON REAGAN NATIONAL AIRPORT, VA US","2020-07-09",,,"0.00","0.0","0.0","82","91","75",
"USW00013743","WASHINGTON REAGAN NATIONAL AIRPORT, VA US","2020-07-10",,,"0.00","0.0","0.0","83","91","76",
"USW00013743","WASHINGTON REAGAN NATIONAL AIRPORT, VA US","2020-07-11",,,"0.00","0.0","0.0","83","93","76",
"USW00013743","WASHINGTON REAGAN NATIONAL AIRPORT, VA US","2020-07-12",,,"0.01","0.0","0.0","82","90","73",
"USW00013743","WASHINGTON REAGAN NATIONAL AIRPORT, VA US","2020-07-13",,,"0.14","0.0","0.0","80","91","71",
"USW00013743","WASHINGTON REAGAN NATIONAL AIRPORT, VA US","2020-07-14",,,"0.00","0.0","0.0","81","90","73",
"USW00013743","WASHINGTON REAGAN NATIONAL AIRPORT, VA US","2020-07-15",,,"0.00","0.0","0.0","82","91","72",
"USW00013743","WASHINGTON REAGAN NATIONAL AIRPORT, VA US","2020-07-16",,,"0.00","0.0","0.0","81","87","76",
"USW00013743","WASHINGTON REAGAN NATIONAL AIRPORT, VA US","2020-07-17",,,"0.00","0.0","0.0","83","96","76",
"USW00013743","WASHINGTON REAGAN NATIONAL AIRPORT, VA US","2020-07-18",,,"0.00","0.0","0.0","88","98","79",
"USW00013743","WASHINGTON REAGAN NATIONAL AIRPORT, VA US","2020-07-19",,,"0.00","0.0","0.0","88","99","79",
"USW00013743","WASHINGTON REAGAN NATIONAL AIRPORT, VA US","2020-07-20",,,"0.15","0.0","0.0","90","99","78",
"USW00013743","WASHINGTON REAGAN NATIONAL AIRPORT, VA US","2020-07-21",,,"0.52","0.0","0.0","86","97","76",
"USW00013743","WASHINGTON REAGAN NATIONAL AIRPORT, VA US","2020-07-22",,,"0.56","0.0","0.0","80","94","74",
"USW00013743","WASHINGTON REAGAN NATIONAL AIRPORT, VA US","2020-07-23",,,"1.89","0.0","0.0","81","92","72",
"USW00013743","WASHINGTON REAGAN NATIONAL AIRPORT, VA US","2020-07-24",,,"0.43","0.0","0.0","79","86","73",
"USW00013743","WASHINGTON REAGAN NATIONAL AIRPORT, VA US","2020-07-25",,,"0.00","0.0","0.0","82","93","74",
"USW00013743","WASHINGTON REAGAN NATIONAL AIRPORT, VA US","2020-07-26",,,"0.00","0.0","0.0","86","95","78",
"USW00013743","WASHINGTON REAGAN NATIONAL AIRPORT, VA US","2020-07-27",,,"0.00","0.0","0.0","88","96","79",
"USW00013743","WASHINGTON REAGAN NATIONAL AIRPORT, VA US","2020-07-28",,,"0.00","0.0","0.0","87","94","79",
"USW00013743","WASHINGTON REAGAN NATIONAL AIRPORT, VA US","2020-07-29",,,"0.00","0.0","0.0","84","93","75",
"USW00013743","WASHINGTON REAGAN NATIONAL AIRPORT, VA US","2020-07-30",,,"0.15","0.0","0.0","86","94","74",
"USW00013743","WASHINGTON REAGAN NATIONAL AIRPORT, VA US","2020-07-31",,,"0.07","0.0","0.0","76","81","74",
"USW00013743","WASHINGTON REAGAN NATIONAL AIRPORT, VA US","2020-08-01",,,"0.00","0.0","0.0","81","88","75",
"USW00013743","WASHINGTON REAGAN NATIONAL AIRPORT, VA US","2020-08-02",,,"0.07","0.0","0.0","83","92","79",
"USW00013743","WASHINGTON REAGAN NATIONAL AIRPORT, VA US","2020-08-03",,,"0.46","0.0","0.0","82","87","74",
"USW00013743","WASHINGTON REAGAN NATIONAL AIRPORT, VA US","2020-08-04",,,"2.48","0.0","0.0","76","89","70",
"USW00013743","WASHINGTON REAGAN NATIONAL AIRPORT, VA US","2020-08-05",,,"0.00","0.0","0.0","79","88","71",
"USW00013743","WASHINGTON REAGAN NATIONAL AIRPORT, VA US","2020-08-06",,,"0.62","0.0","0.0","80","86","72",
"USW00013743","WASHINGTON REAGAN NATIONAL AIRPORT, VA US","2020-08-07",,,"0.30","0.0","0.0","79","88","74",
"USW00013743","WASHINGTON REAGAN NATIONAL AIRPORT, VA US","2020-08-08",,,"0.00","0.0","0.0","78","87","73",
"USW00013743","WASHINGTON REAGAN NATIONAL AIRPORT, VA US","2020-08-09",,,"0.00","0.0","0.0","80","88","74",
"USW00013743","WASHINGTON REAGAN NATIONAL AIRPORT, VA US","2020-08-10",,,"0.00","0.0","0.0","83","92","75",
"USW00013743","WASHINGTON REAGAN NATIONAL AIRPORT, VA US","2020-08-11",,,"0.00","0.0","0.0","83","91","76",
"USW00013743","WASHINGTON REAGAN NATIONAL AIRPORT, VA US","2020-08-12",,,"0.26","0.0","0.0","82","92","75",
"USW00013743","WASHINGTON REAGAN NATIONAL AIRPORT, VA US","2020-08-13",,,"0.59","0.0","0.0","78","84","74",
"USW00013743","WASHINGTON REAGAN NATIONAL AIRPORT, VA US","2020-08-14",,,"0.06","0.0","0.0","79","88","76",
"USW00013743","WASHINGTON REAGAN NATIONAL AIRPORT, VA US","2020-08-15",,,"0.21","0.0","0.0","77","80","70",
"USW00013743","WASHINGTON REAGAN NATIONAL AIRPORT, VA US","2020-08-16",,,"1.03","0.0","0.0","71","77","66",
"USW00013743","WASHINGTON REAGAN NATIONAL AIRPORT, VA US","2020-08-17",,,"0.14","0.0","0.0","74","83","66",
"USW00013743","WASHINGTON REAGAN NATIONAL AIRPORT, VA US","2020-08-18",,,"0.00","0.0","0.0","76","88","68",
"USW00013743","WASHINGTON REAGAN NATIONAL AIRPORT, VA US","2020-08-19",,,"0.09","0.0","0.0","76","85","69",
"USW00013743","WASHINGTON REAGAN NATIONAL AIRPORT, VA US","2020-08-20",,,"0.00","0.0","0.0","76","84","68",
"USW00013743","WASHINGTON REAGAN NATIONAL AIRPORT, VA US","2020-08-21",,,"0.00","0.0","0.0","76","84","69",
"USW00013743","WASHINGTON REAGAN NATIONAL AIRPORT, VA US","2020-08-22",,,"0.00","0.0","0.0","78","84","74",
"USW00013743","WASHINGTON REAGAN NATIONAL AIRPORT, VA US","2020-08-23",,,"0.00","0.0","0.0","80","89","76",
"USW00013743","WASHINGTON REAGAN NATIONAL AIRPORT, VA US","2020-08-24",,,"0.05","0.0","0.0","81","89","76",
"USW00013743","WASHINGTON REAGAN NATIONAL AIRPORT, VA US","2020-08-25",,,"0.01","0.0","0.0","82","92","74",
"USW00013743","WASHINGTON REAGAN NATIONAL AIRPORT, VA US","2020-08-26",,,"0.00","0.0","0.0","79","88","71",
"USW00013743","WASHINGTON REAGAN NATIONAL AIRPORT, VA US","2020-08-27",,,"0.00","0.0","0.0","83","93","74",
"USW00013743","WASHINGTON REAGAN NATIONAL AIRPORT, VA US","2020-08-28",,,"1.46","0.0","0.0","84","93","72",
"USW00013743","WASHINGTON REAGAN NATIONAL AIRPORT, VA US","2020-08-29",,,"0.50","0.0","0.0","77","88","73",
"USW00013743","WASHINGTON REAGAN NATIONAL AIRPORT, VA US","2020-08-30",,,"0.00","0.0","0.0","77","83","66",
"USW00013743","WASHINGTON REAGAN NATIONAL AIRPORT, VA US","2020-08-31",,,"0.40","0.0","0.0","74","77","69",
"USW00013743","WASHINGTON REAGAN NATIONAL AIRPORT, VA US","2020-09-01",,,"0.11","0.0","0.0","73","82","68",
"USW00013743","WASHINGTON REAGAN NATIONAL AIRPORT, VA US","2020-09-02",,,"0.01","0.0","0.0","79","88","74",
"USW00013743","WASHINGTON REAGAN NATIONAL AIRPORT, VA US","2020-09-03",,,"0.38","0.0","0.0","82","91","75",
"USW00013743","WASHINGTON REAGAN NATIONAL AIRPORT, VA US","2020-09-04",,,"0.00","0.0","0.0","80","91","72",
"USW00013743","WASHINGTON REAGAN NATIONAL AIRPORT, VA US","2020-09-05",,,"0.00","0.0","0.0","74","82","63",
"USW00013743","WASHINGTON REAGAN NATIONAL AIRPORT, VA US","2020-09-06",,,"0.00","0.0","0.0","73","83","62",
"USW00013743","WASHINGTON REAGAN NATIONAL AIRPORT, VA US","2020-09-07",,,"0.00","0.0","0.0","74","83","65",
"USW00013743","WASHINGTON REAGAN NATIONAL AIRPORT, VA US","2020-09-08",,,"0.00","0.0","0.0","76","87","66",
"USW00013743","WASHINGTON REAGAN NATIONAL AIRPORT, VA US","2020-09-09",,,"0.64","0.0","0.0","76","79","73",
"USW00013743","WASHINGTON REAGAN NATIONAL AIRPORT, VA US","2020-09-10",,,"2.88","0.0","0.0","77","81","76",
"USW00013743","WASHINGTON REAGAN NATIONAL AIRPORT, VA US","2020-09-11",,,"0.00","0.0","0.0","77","81","72",
"USW00013743","WASHINGTON REAGAN NATIONAL AIRPORT, VA US","2020-09-12",,,"0.00","0.0","0.0","73","75","66",
"USW00013743","WASHINGTON REAGAN NATIONAL AIRPORT, VA US","2020-09-13",,,"0.00","0.0","0.0","71","81","62",
"USW00013743","WASHINGTON REAGAN NATIONAL AIRPORT, VA US","2020-09-14",,,"0.00","0.0","0.0","75","79","65",
"USW00013743","WASHINGTON REAGAN NATIONAL AIRPORT, VA US","2020-09-15",,,"0.00","0.0","0.0","64","71","55",
"USW00013743","WASHINGTON REAGAN NATIONAL AIRPORT, VA US","2020-09-16",,,"0.00","0.0","0.0","64","73","55",
"USW00013743","WASHINGTON REAGAN NATIONAL AIRPORT, VA US","2020-09-17",,,"0.39","0.0","0.0","69","73","66",
"USW00013743","WASHINGTON REAGAN NATIONAL AIRPORT, VA US","2020-09-18",,,"0.07","0.0","0.0","69","76","59",
"USW00013743","WASHINGTON REAGAN NATIONAL AIRPORT, VA US","2020-09-19",,,"0.00","0.0","0.0","60","67","49",
"USW00013743","WASHINGTON REAGAN NATIONAL AIRPORT, VA US","2020-09-20",,,"0.00","0.0","0.0","58","69","46",
"USW00013743","WASHINGTON REAGAN NATIONAL AIRPORT, VA US","2020-09-21",,,"0.00","0.0","0.0","58","68","48",
"USW00013743","WASHINGTON REAGAN NATIONAL AIRPORT, VA US","2020-09-22",,,"0.00","0.0","0.0","59","73","48",
"USW00013743","WASHINGTON REAGAN NATIONAL AIRPORT, VA US","2020-09-23",,,"0.00","0.0","0.0","67","81","55",
"USW00013743","WASHINGTON REAGAN NATIONAL AIRPORT, VA US","2020-09-24",,,"0.00","0.0","0.0","67","74","61",
"USW00013743","WASHINGTON REAGAN NATIONAL AIRPORT, VA US","2020-09-25",,,"0.40","0.0","0.0","65","69","62",
"USW00013743","WASHINGTON REAGAN NATIONAL AIRPORT, VA US","2020-09-26",,,"0.29","0.0","0.0","66","72","62",
"USW00013743","WASHINGTON REAGAN NATIONAL AIRPORT, VA US","2020-09-27",,,"0.05","0.0","0.0","71","78","68",
"USW00013743","WASHINGTON REAGAN NATIONAL AIRPORT, VA US","2020-09-28",,,"0.01","0.0","0.0","72","81","67",
"USW00013743","WASHINGTON REAGAN NATIONAL AIRPORT, VA US","2020-09-29",,,"0.20","0.0","0.0","73","80","57",
"USW00013743","WASHINGTON REAGAN NATIONAL AIRPORT, VA US","2020-09-30",,,"0.10","0.0","0.0","62","71","55",
"USW00013743","WASHINGTON REAGAN NATIONAL AIRPORT, VA US","2020-10-01",,,"0.04","0.0","0.0","65","76","57",
"USW00013743","WASHINGTON REAGAN NATIONAL AIRPORT, VA US","2020-10-02",,,"0.07","0.0","0.0","62","69","54",
"USW00013743","WASHINGTON REAGAN NATIONAL AIRPORT, VA US","2020-10-03",,,"0.00","0.0","0.0","58","68","49",
"USW00013743","WASHINGTON REAGAN NATIONAL AIRPORT, VA US","2020-10-04",,,"0.00","0.0","0.0","59","70","48",
"USW00013743","WASHINGTON REAGAN NATIONAL AIRPORT, VA US","2020-10-05",,,"0.02","0.0","0.0","62","70","54",
"USW00013743","WASHINGTON REAGAN NATIONAL AIRPORT, VA US","2020-10-06",,,"0.00","0.0","0.0","60","72","49",
"USW00013743","WASHINGTON REAGAN NATIONAL AIRPORT, VA US","2020-10-07",,,"0.00","0.0","0.0","66","81","56",
"USW00013743","WASHINGTON REAGAN NATIONAL AIRPORT, VA US","2020-10-08",,,"0.00","0.0","0.0","67","71","55",
"USW00013743","WASHINGTON REAGAN NATIONAL AIRPORT, VA US","2020-10-09",,,"0.00","0.0","0.0","60","71","50",
"USW00013743","WASHINGTON REAGAN NATIONAL AIRPORT, VA US","2020-10-10",,,"0.00","0.0","0.0","64","74","60",
"USW00013743","WASHINGTON REAGAN NATIONAL AIRPORT, VA US","2020-10-11",,,"0.68","0.0","0.0","68","71","65",
"USW00013743","WASHINGTON REAGAN NATIONAL AIRPORT, VA US","2020-10-12",,,"0.86","0.0","0.0","63","66","58",
"USW00013743","WASHINGTON REAGAN NATIONAL AIRPORT, VA US","2020-10-13",,,"0.00","0.0","0.0","62","73","54",
"USW00013743","WASHINGTON REAGAN NATIONAL AIRPORT, VA US","2020-10-14",,,"0.00","0.0","0.0","61","75","49",
"USW00013743","WASHINGTON REAGAN NATIONAL AIRPORT, VA US","2020-10-15",,,"0.00","0.0","0.0","64","76","56",
"USW00013743","WASHINGTON REAGAN NATIONAL AIRPORT, VA US","2020-10-16",,,"0.16","0.0","0.0","62","67","53",
"USW00013743","WASHINGTON REAGAN NATIONAL AIRPORT, VA US","2020-10-17",,,"0.00","0.0","0.0","55","64","45",
"USW00013743","WASHINGTON REAGAN NATIONAL AIRPORT, VA US","2020-10-18",,,"0.00","0.0","0.0","55","66","45",
"USW00013743","WASHINGTON REAGAN NATIONAL AIRPORT, VA US","2020-10-19",,,"0.00","0.0","0.0","63","72","57",
"USW00013743","WASHINGTON REAGAN NATIONAL AIRPORT, VA US","2020-10-20",,,"0.00","0.0","0.0","65","76","59",
"USW00013743","WASHINGTON REAGAN NATIONAL AIRPORT, VA US","2020-10-21",,,"0.01","0.0","0.0","67","76","62",
"USW00013743","WASHINGTON REAGAN NATIONAL AIRPORT, VA US","2020-10-22",,,"0.00","0.0","0.0","69","80","60",
"USW00013743","WASHINGTON REAGAN NATIONAL AIRPORT, VA US","2020-10-23",,,"0.00","0.0","0.0","69","77","63",
"USW00013743","WASHINGTON REAGAN NATIONAL AIRPORT, VA US","2020-10-24",,,"0.00","0.0","0.0","67","78","57",
"USW00013743","WASHINGTON REAGAN NATIONAL AIRPORT, VA US","2020-10-25",,,"0.45","0.0","0.0","53","57","47",
"USW00013743","WASHINGTON REAGAN NATIONAL AIRPORT, VA US","2020-10-26",,,"0.00","0.0","0.0","53","62","48",
"USW00013743","WASHINGTON REAGAN NATIONAL AIRPORT, VA US","2020-10-27",,,"0.00","0.0","0.0","61","66","58",
"USW00013743","WASHINGTON REAGAN NATIONAL AIRPORT, VA US","2020-10-28",,,"0.00","0.0","0.0","65","71","62",
"USW00013743","WASHINGTON REAGAN NATIONAL AIRPORT, VA US","2020-10-29",,,"2.26","0.0","0.0","61","64","52",
"USW00013743","WASHINGTON REAGAN NATIONAL AIRPORT, VA US","2020-10-30",,,"0.31","0.0","0.0","52","55","48",
"USW00013743","WASHINGTON REAGAN NATIONAL AIRPORT, VA US","2020-10-31",,,"0.00","0.0","0.0","48","51","41",
"USW00013743","WASHINGTON REAGAN NATIONAL AIRPORT, VA US","2020-11-01",,,"0.52","0.0","0.0","51","59","42",
"USW00013743","WASHINGTON REAGAN NATIONAL AIRPORT, VA US","2020-11-02",,,"0.00",,,"45","50","39",
"USW00013743","WASHINGTON REAGAN NATIONAL AIRPORT, VA US","2020-11-03",,,"0.00","0.0",,"50","66","39",
"USW00013743","WASHINGTON REAGAN NATIONAL AIRPORT, VA US","2020-11-04",,,"0.00","0.0",,"52","67","42",
"USW00013743","WASHINGTON REAGAN NATIONAL AIRPORT, VA US","2020-11-05",,,"0.00","0.0","0.0","56","69","47",
"USW00013743","WASHINGTON REAGAN NATIONAL AIRPORT, VA US","2020-11-06",,,"0.00","0.0","0.0","57","70","49",
"USW00013743","WASHINGTON REAGAN NATIONAL AIRPORT, VA US","2020-11-07",,,"0.00","0.0","0.0","58","74","47",
"USW00013743","WASHINGTON REAGAN NATIONAL AIRPORT, VA US","2020-11-08",,,"0.00","0.0","0.0","59","74","49",
"USW00013743","WASHINGTON REAGAN NATIONAL AIRPORT, VA US","2020-11-09",,,"0.00","0.0","0.0","61","75","52",
"USW00013743","WASHINGTON REAGAN NATIONAL AIRPORT, VA US","2020-11-10",,,"0.00","0.0","0.0","63","76","54",
"USW00013743","WASHINGTON REAGAN NATIONAL AIRPORT, VA US","2020-11-11",,,"2.02","0.0","0.0","65","70","61",
"USW00013743","WASHINGTON REAGAN NATIONAL AIRPORT, VA US","2020-11-12",,,"0.89","0.0","0.0","68","68","51",
"USW00013743","WASHINGTON REAGAN NATIONAL AIRPORT, VA US","2020-11-13",,,"0.00","0.0","0.0",,"62","49",
"USW00013743","WASHINGTON REAGAN NATIONAL AIRPORT, VA US","2020-11-14",,,"0.00","0.0","0.0",,"61","42",
"USW00013743","WASHINGTON REAGAN NATIONAL AIRPORT, VA US","2020-11-15",,,"0.26","0.0","0.0",,"71","48",
"USW00013743","WASHINGTON REAGAN NATIONAL AIRPORT, VA US","2020-11-16",,,"0.00","0.0","0.0",,"62","49",
"USW00013743","WASHINGTON REAGAN NATIONAL AIRPORT, VA US","2020-11-17",,,"0.00","0.0","0.0",,"57","38",
"USW00013743","WASHINGTON REAGAN NATIONAL AIRPORT, VA US","2020-11-18",,,"0.00","0.0","0.0","40","45","35",
"USW00013743","WASHINGTON REAGAN NATIONAL AIRPORT, VA US","2020-11-19",,,"0.00","0.0","0.0","41","53","32",
"USW00013743","WASHINGTON REAGAN NATIONAL AIRPORT, VA US","2020-11-20",,,"0.00","0.0","0.0","51","64","42",
"USW00013743","WASHINGTON REAGAN NATIONAL AIRPORT, VA US","2020-11-21",,,"0.00","0.0","0.0","53","64","45",
"USW00013743","WASHINGTON REAGAN NATIONAL AIRPORT, VA US","2020-11-22",,,"0.00","0.0","0.0","56","59","51",
